#,CryptocurrencyCrash!, Крах криптовалюти!"Зростання популярності криптовалюта привів до появи міхура, який просто лопнув. Мільйони самозайнятих втратили гроші. Тепер вони закликають до посилення регулювання Інтернет-валют".
#,FlashCrash, Раптовий збій,"Автоматизована торгівля зробила Фондовий ринок настільки крихким, що одна велика угода призвела до раптового стрибка цін на акції. Економісти закликають до негайного введення правил автоматичної торгівлі, щоб запобігти повторенню подібної катастрофи. Нашому ВВП було завдано серйозного удару".
#,accidentalshooting, Випадкова стрілянина"Рівень злочинності в нашій країні настільки високий, що вторгнення в будинки є реальною проблемою для всіх громадян. Знаменитість застрелила члена власної сім'ї в своєму будинку, стверджуючи, що вони прийняли його за непроханого гостя."
#,accountantsbusted, Заарештовані бухгалтери,"Журналістам, які розслідують складне податкове шахрайство, була передана і оприлюднена велика база даних зганьбленої зарубіжної бухгалтерської фірми. База даних містить відомості про тисячі заможних людей з нашої країни, включаючи політиків і знаменитостей, що показують, як саме вони ухилялися від сплати податків. Це домінує в циклі новин і викликає гнів через нерівність та наслідки необмеженого капіталізму".
#,affair, Інтрижка"Порнозірка публічно звинуватила вас у тому, що у вас з ними роман, і що ви заплатили їм гроші за мовчання, щоб зберегти вашу необачність в секреті. Гірше того, ці гроші за мовчання були отримані з коштів передвиборної кампанії, що є злочином. Пора знайти лакея низького рангу, який візьме на себе відповідальність за оплату, заперечує зв'язок і відкупиться від вашого обвинувача, щоб покінчити з цим".
#,aidtoeradicatedisease, "Допомога в боротьбі з ВІЛ", " Міжнародна організація виділила великий обсяг допомоги, спрямованої на викорінення виснажливої хвороби в нашій країні. Наш народ страждає, тому це вливання ресурсів для боротьби з хворобою можна тільки вітати. Однак те, що наш уряд потребує такої зовнішньої підтримки, піддалося критиці з боку патріотичних коментаторів".
#,aidtoeradicatepoverty,Допомога у викоріненні бідності"Міжнародна організація виділила великий обсяг допомоги, спрямованої на викорінення бідності в нашій країні. Наш народ страждає, тому це вливання ресурсів на боротьбу з бідністю можна тільки вітати. Однак те, що наш уряд потребує такої зовнішньої підтримки, піддалося критиці з боку патріотичних коментаторів".
#,airstrike, Авіаудар,"Заяви про накопичення запасів зброї масового знищення використовувалися в якості виправдання для бомбардувань військових об'єктів в нашій країні. Повітряна кампанія цієї іноземної військової коаліції знизить наш військовий потенціал і завдасть ще більшої шкоди міжнародним відносинам".
#,carpoolrapescandal, Скандал із зґвалтуванням на автобазі,"Найбільша компанія з обміну поїздками, що діє в країні, систематично придушує звинувачення в згвалтуваннях, висунуті проти їх водіїв. Журналісти-розслідувачі знайшли докази сотень повідомлень пасажирів про те, що працівникам служби підтримки було наказано не повідомляти в правоохоронні органи. У нових технологічних компаній так мало персоналу, що базові протоколи безпеки ігноруються в секторах, які вони руйнують".
#,celebrityopioiddeath,Смерть знаменитостей від опіоїдів"Молоду кінозірку знайшли мертвою у своїй квартирі, оточеній пляшками опіоїдів, що відпускаються за рецептом. Зазвичай використовується для короткочасного знеболення, цей клас ліків, що викликають звикання, заполонив аптечки нашої країни. Коли медична страховка не дозволяє оплатити нічого, крім дешевих таблеток, лікарям легко виписати опіоїди. Тисячі людей помирають від передозування під час цієї кризи".
#,centralbankfraud, Шахрайство Центрального банку,"Було встановлено, що посадові особи центрального банку здійснюють шахрайство, обмінюючи нові банкноти на підроблені. Коли інститути, які формують самі основи нашої фінансової системи, корумповані, як наш народ може довіряти керівництву цього уряду?"
#,civilservantsstrike, Страйк державних службовців,"Державні службовці проголосували за страйк через зарплату. Коли вашим роботодавцем є уряд, ви не можете просто звільнитися і знайти іншу роботу у конкурента. Державна служба часто є невдячною діяльністю, але слід очікувати винагороди, яка забезпечує розумний рівень життя".
#,coastaloilspill, Розлив нафти в прибережних районах,"Руйнівний розлив нафти знищив запаси місцевого рибальства, зруйнувавши спосіб життя місцевого сільського населення. Це витіснить їх з району в сусідні селища та весі та посилить неприязнь між тими, хто хоче захистити навколишнє середовище, та тими, хто хоче його експлуатувати".
#,corruptionarrests, Арешти за корупцію,"Корумповані чиновники були заарештовані за звинуваченням у розтраті. Тривала кампанія по боротьбі з корупцією призвела до цих гучних арештів. Наша нетерпимість до корупції стала очевидною, і ми показали, що ніхто не стоїть вище закону".
#,CryptocurrencyCrash, Крах криптовалюти,"Зростання популярності криптовалюта привів до появи міхура, який просто лопнув. Мільйони самозайнятих втратили гроші. Тепер вони закликають до посилення регулювання Інтернет-валют".
#,deadlyvirusoutbreak, Спалах смертельного вірусу,"Стався спалах смертельного вірусу, який забрав життя тисяч людей по всій країні. Виняткова вірулентність цього захворювання та високий рівень смертності пацієнтів є руйнівними. Міжнародні поїздки та торгівля були обмежені до тих пір, поки цей спалах не буде локалізовано".
#,deadlywatercontamination,Смертельне забруднення води,"Сотні тисяч громадян залишилися без безпечної питної води після того, як їх водопровідна вода була забруднена свинцем. Щоб заощадити гроші, їх муніципалітет переключив місцеві джерела водопостачання, але нова вода роз'їла свинцеві труби, по яких вона подавалася. До того, як було виявлено отруєння свинцем, загинуло дванадцять людей."
#,debtdeal, Боргова угода,"За посередництва наших міжнародних кредиторів була укладена угода з реструктуризації боргу нашої країни. Завдяки консолідації наших позик і забезпеченню їх грошовими потоками від підприємств, що перебувають у державній власності, наші процентні платежі були значно скорочені".
#,diplomaticimmunity, Дипломатичний імунітет,"Іноземний дипломат втік з країни після того, як імовірно загинув громадянин в автокатастрофі. Вони скористалися своїм дипломатичним імунітетом, щоб безперешкодно повернутися на батьківщину з боку правоохоронних органів. Незважаючи на те, що очікується, що вони будуть підкорятися закону, в межах наших кордонів знаходяться тисячі іноземних дипломатів, що діють всупереч йому. Громадськість розцінює це як грубу судову помилку, направляючи свій гнів на політичний клас".
#,diseaseeradicated, Хвороба ліквідована,"Тривала кампанія вакцинації, освіти та моніторингу призвела до викорінення хронічного, виснажливого захворювання в нашій країні. Ми повинні забезпечити захист цього статусу, щоб наші люди могли продовжувати жити вільними від цієї руйнівної хвороби".
#,disputedterritoryrepatriated, Спірна територія репатрійована,"Після рішення Міжнародного суду значна територія, на суверенітет над якою ми історично претендували, була репатрійована. Його нинішні окупанти завжди оскаржували наші претензії, але у них немає іншого вибору, крім як звільнити і передати право власності на цей район".
#,drought, Посуха,"Сезонні дощі так і не випали, і країна страждає від гострої посухи. Урожай гине, запаси води виснажуються, а чисельність домашньої худоби і диких тварин не може підтримуватися. При поліпшенні інфраструктури серйозність цієї ситуації можна було б пом'якшити".
#,dubiousrolemodel, Сумнівний зразок для наслідування,"Високопоставлений чиновник, якого Ви обрали особисто, в одній зі своїх промов похвалив сумнозвісного екстремістського диктатора. Можливо, за час свого правління вони вбили мільйони невинних людей, але у них було кілька цікавих ідей щодо державної інфраструктури".
#,electiondeclaredfreeandfair, Вибори оголошені вільними і справедливими,"Останні вибори були оцінені міжнародними спостерігачами як вільні і справедливі. Загальнонаціональні вибори-це один з небагатьох випадків, коли окремі особи можуть безпосередньо впливати на демократичний процес. Зберігаючи цілісність системи голосування, зберігається сама демократія".
#,electionflawed, Вибори зіпсовані"На думку незалежних груп спостерігачів, останні вибори не відповідали міжнародним стандартам. Загальнонаціональні вибори-це один з небагатьох випадків, коли окремі особи можуть безпосередньо впливати на демократичний процес. Підриваючи систему голосування, підривається сама демократія".
#,electionresultchallenged, Результати виборів оскаржені"Опозиція, яка програла останні вибори, рішуче стверджує, що мала місце фальсифікація бюлетенів. Вони оскаржують результати виборів у Верховному суді, найвищій судовій інстанції країни. Навіть якщо вони виявляться безуспішними, диму без вогню не буває, і електорат буде обурений".
#,embezzledfundsrecovered, Повернуто викрадені кошти"Гроші, виведені колишнім лідером, були повернуті з рахунків в іноземних банках. Оскільки рівень корупції в нашому суспільстві знижується, наші правоохоронні органи можуть безперешкодно виправляти помилки минулого".
#,environmentalconservationaid, Допомога в охороні навколишнього середовища"Міжнародна організація виділила великий обсяг допомоги, щоб допомогти в збереженні навколишнього середовища в нашій країні. Наше цінне природне середовище страждає, тому таке вливання ресурсів для боротьби з її занепадом можна тільки вітати. Однак те, що наш уряд потребує такої зовнішньої підтримки, піддалося критиці з боку патріотичних коментаторів".
#,extraditedhackerconvicted, Екстрадований хакер засуджений"Ми успішно екстрадували і засудили іноземного хакера, який скомпрометував ключові урядові комп'ютерні системи. Наш глобальний вплив і договори про екстрадицію завдали сьогодні удару по міжнародній кіберзлочинності".
#,extremiststate, Екстремістська держава"Екстремістське угруповання всередині нашої країни проголосило свою власну територіальну незалежність. Вони зі своїм ополченням захопили віддалений район, розташований недалеко від північного кордону нашої країни. Те, що ми не можемо захистити наш власний суверенітет, є звинуваченням у порушенні безпеки нашої країни. Ще більш тривожним є те, що ми створили середовище, в якому громадяни стали досить відчайдушними, щоб робити екстремальні дії, подібні до цього ".
#,factorycloses, Фабрика закривається"Великий роботодавець в нашій країні тільки що закрив один зі своїх автомобільних заводів, в результаті чого тисяча громадян були звільнені. В якості основних причин зупинки називають скорочення використання автомобілів нашим населенням, а також низьку продуктивність праці".
#,femaleleader, Жінка-лідер"Новим главою опозиції була обрана Жінка-лідер. Представництво жінок на найвищих рівнях державного управління стало результатом тривалої кампанії з боротьби з гендерною нерівністю в нашому суспільстві".
#,fgmreportshame, Ганебний звіт про КЖПО"Була опублікована доповідь шанованої міжнародної організації, в якій критикується значне поширення калічать операцій на жіночих статевих органах в нашій країні. Цей небезпечний ритуал корениться в гендерній нерівності і серйозно погіршує сексуальне здоров'я жертв".
#,foodscandal,Продовольчий скандал"Працюючі під прикриттям тележурналісти опублікували шокуючі кадри умов на ряді боєнь в нашій країні. Хоча мало хто не знає, що дешеве м'ясо має свої витрати, це різко підкреслює реальність того, як виробляються наші продукти харчування. Прихильники органічної їжі та веганства називають це поворотним моментом у громадській думці з цього питання".
#,foodshortages, Нестача продовольства"Міжнародна допомога хлинула в країну після того, як гостра нестача продовольства призвела до голоду наших громадян. Погані умови навколишнього середовища та скомпрометована інфраструктура підірвали наше внутрішнє виробництво. Наш народ страждає, тому це вливання ресурсів для боротьби з голодом можна тільки вітати. Однак те, що наш уряд потребує такої зовнішньої підтримки, піддалося критиці з боку патріотичних коментаторів".
#,foreignneighbournuclearmissiletest, Ядерна ракета іноземного сусіда випробування"Розробка ядерної зброї залишається еталоном глобальної військової значущості. Сусідня ізоляціоністська нація випробувала ракету в рамках своєї ядерної програми недалеко від нашого кордону".
#,formermilitaryleaderssentenced, У суді були винесені вироки військовим лідерам "коаліції на чолі з суджені", які активно придушували демократичний прогрес. Це впливові люди, і наша судова система мужньо відстоює закони нашої країни. Ми зробили рішучу заяву: ніхто не стоїть вище закону, і правосуддя восторжествує".
#,formerspypoisoned, "Колумбійський шпигун отруній" колишній іноземний шпигун, якому було надано притулок в нашій країні, був убитий своїми колишніми кураторами. Шпигун раптово захворів після відвідин ресторану, де ворожі оперативники підсипали йому в напій радіоактивну речовину. Громадяни панікують через потенційний вплив отрути в громадському місці, а патріоти в жаху від того, що така операція може бути проведена на території країни".
#,fuelshortage, "Нестача палива", " Паливні насоси пересохли на під'їзних доріжках гаражів нашої країни. Внутрішнє виробництво не може задовольнити попит, а імпорт палива був скорочений через проблеми з логістикою і високого рівня світового споживання".
#,garbagescam,Сміттєва афера"Тонни сміття, відправленого за кордон на переробку, були повернуті. Контейнери, повні небажаних відходів нашого суспільства, були помилково позначені як перероблені пластмаси. Екологи обурені фундаментальним провалом програми утилізації відходів в нашій країні. Ця національна ганьба потрапила в заголовки газет по всьому світу".
#,gigeconomypressure, "Лещат на економіку", " водій маршрутного таксі визнав себе винним у викраденні свого пасажира, щоб підвищити вартість проїзду, і в поїздці в інше місто, поки вони спали. У суді водій назвав фінансовий тиск мотивацією, оскільки їм було важко сплачувати щомісячні рахунки. Працівники гіг-економіки впадають у відчай, оскільки їхні трудові права та рентабельність підриваються руйнівними корпораціями".
#,globalhitdrama,Світова драма-хіт"Драма побутового періоду стала світовою сенсацією. Більше ста країн придбали права на трансляцію шоу. Його масова привабливість принесла телевізійні нагороди по всьому світу. Цей розважальний феномен в даний час є одним з найбільших в країні експортних товарів".
#,governmentshutdown, "Закрити уряду" з операційного бюджету вашого уряду було утримано, а державні послуги були припинені на місяць. Ваша суперечлива політика не має широкої підтримки в законодавчому органі, і вони використовували свою колективну владу, щоб відмовити вам у коштах, необхідних для оплати праці державних службовців. Співробітники Служби безпеки, прикордонні патрулі, тюремний персонал і авіадиспетчери - це лише деякі з неоплачуваних працівників, які тижнями сидять вдома, поки ви знаходите політичне рішення".
#,gravemoveprotests, "Зрадники" Останки фашистського історичного діяча були ексгумовані з їх видатного місця поховання в столиці і перенесені у віддалену могилу. Соціалісти високо оцінили переселення, оскільки ця глава нашого минулого більше не буде прославлятися. Тоді як консервативні націоналісти протестували проти втручання, заявляючи, що стерти минуле неможливо".
#,highcorruptioncriticized, "У міжнародній доповіді" Критика корупції " критикується високий рівень корупції в нашому суспільстві, вказуючи на те, що ми є однією з найбільш корумпованих країн на континенті. Корупція гальмує всі аспекти життя, і висвітлення її наслідків в нашій країні буде негативно сприйнято як всередині країни, так і за кордоном".
#,highriseblaze", "Дорога в гості", " несправність побутового приладу призвела до смертельного загоряння в багатоповерховому житловому будинку, побудованому в столиці нашої країни для проживання сімей з низьким доходом. Поєднання неякісного будівництва будівель, відсутності регуляторного контролю та непідготовленої служби пожежогасіння призвело до смертельних випадків, які сколихнули країну. Ваш уряд зазнав більш широкої критики за зростаючий розрив у майновій нерівності, який був підкреслений відсутністю турботи, виявленої до цих громадян".
#,holybuildingburned, Священна будівля спалена"Відоме місце поклоніння у вашій столиці було зрівняно із землею за допомогою запальної бомби після ескалації напруженості між конкуруючими релігійними групами. Преса мало що робить, щоб мінімізувати катастрофічні наслідки, які це матиме на міжрасові відносини в нашій країні".
#,hostagesrescued, "Заручники, захоплені терористичною групою, були знайдені і врятовані нашою армією. Хоча радикальні угруповання все ще активні в нашому суспільстві, ми показали, що ефективно боремося з ними і в кінцевому підсумку здобудемо перемогу".
#,housingmarketboom, "Бум на ринку житла", ціни на житло досягли рекордно високого рівня. Це хороший знак того, що наша економіка набирає обертів. Кожен заробляє гроші і здатний реалізувати своє прагнення до збільшення портфеля нерухомості. Деякі яструбині економісти розглядають це як тимчасовий міхур, який ось-ось лопне, але більшість займається заготівлею сіна, поки світить сонце".
#,housingmarketcrash, Крах ринку житла"Ціни на житло падають. Здається неминучим цикл бумів і спадів на ринку знову наздогнав нас. Власники декількох будинків і іноземні інвестори підняли ціни вище, ніж це було по кишені тим, хто дійсно потребував житло. Зараз у людей кредити перевищують вартість їхніх будинків, ліквідність при продажу нерухомості знизилася, і всі ринки страждають від нестачі довіри".
#,hugehurricane,Величезний ураган"Громади були спустошені надзвичайно сильним ураганом. Тисячі людей загинули, оскільки засоби захисту від стихійних лих зазнали невдачі, а реагування на надзвичайні ситуації були вкрай недостатніми. Згодом стався шквал відставок серед урядовців, які були відповідальні за запобігання цій трагедії. Вас особисто критикували за те, як ви впоралися з цим інцидентом".
#,illegalimmigrationoutcry, Протест проти нелегальної імміграції"Значне зростання нелегальної імміграції викликало обурення серед консервативного населення нашої країни. Расова напруженість і без того була висока, а оскільки пористі кордони постійно порушувалися, ця ситуація неминуче повинна була загостритися".
#,internationalcharges, Міжнародні звинувачення"Міжнародний кримінальний суд висунув проти вас звинувачення у вбивстві, зґвалтуванні та депортації. Звичайно, ви заперечуєте ці злочини і відмовляєтесь підтвердити свої претензії зустріччю зі своїми обвинувачами. Ви впевнені, що громадськість побачить цю брехню такою, якою вона є".
#,internationalliteraryaward, Міжнародна літературна премія"Місцевий письменник отримав найпрестижнішу міжнародну літературну премію за свій роман. Дія цієї історії розгортається в нашій країні, і вона підняла авторитет країни в усьому світі".
#,joiningtheunion, Вступ до профспілки"Наша нація була прийнята в панконтинентальну організацію, метою якої є забезпечення миру і процвітання на територіях Союзу. Ще живі громадяни, які пам'ятають, що воювали з деякими з наших сусідніх країн, до чиєї наддержави ми зараз приєднуємось. Безсумнівно, пожертвування деякою суверенною владою-це ціна, яку варто заплатити за укладення сприятливих торгових угод і пакту про ненапад, щоб запобігти катастрофічним конфліктам у майбутньому".
#,journalistjailed,Журналіст ув'язнений"Іноземний журналіст, який робить репортаж зі столиці, був поміщений у в'язницю за шпигунство. Вони заявляють про свою невинність, але були спіймані на зв'язках з повстанцями-дисидентами, які хочуть дестабілізувати наш режим. Міжнародна преса висловилася на підтримку цього шпигуна, критикуючи відсутність прав людини в нашій країні".
#,journalistreleased, Журналіст звільнений"Журналіст, ув'язнений за дисидентство, був достроково звільнений після того, як виграв їх апеляцію. Умови прав людини в нашій країні покращилися з моменту їх ув'язнення, і їх звільнення було добре сприйнято як у країні, так і за кордоном".
#,judgemartyr, Суддя-мученик"Суддя приніс пістолет в зал суду і вистрілив собі в груди. Цей акт мучеництва був здійснений на знак протесту проти корупції вашого уряду та відкритого втручання в судову систему".
#,landacquisitionscandal, Скандал з придбанням землі"Пропонований спільний інфраструктурний проект з іноземним урядом був припинений. Це пов'язано з тим, що проти будівельної компанії порушено судову справу про законність покупки ними землі. Схоже, що громадяни були примусово виселені зі своїх будинків без відповідної компенсації, в той час як чиновники викачували державні гроші з проекту".
#,leaderdiessuddenly, Лідер раптово помирає,"Лідер уряду раптово помер. У них стався великий Серцевий Напад, від якого вони так і не оговталися. Ви, тимчасовий лідер, були поставлені на їх місце до тих пір, поки не будуть проведені вибори".
#,leavingtheunion, Вихід із Союзу"Ви успадкували результати референдуму від попереднього уряду, і воля народу повинна бути дотримана. Нація розкололася навпіл через те, чи залишатися в союзі з нашими торговими сусідами. З мінімальним відривом електорат проголосував за те, щоб покинути супердержаву. Наші власні закони, Конституція та ринки настільки переплітаються із законами Союзу, що вихід здається неможливим бюрократичним завданням. Однак, що означає відпустка, не було визначено, тому це може бути можливістю політичного захоплення землі".
#,lowcorruptionpraised, Вихваляється низький рівень корупції"Міжнародний звіт високо оцінив низький рівень корупції в нашому суспільстві, вказавши, що країна є однією з найменш корумпованих на континенті. В таких умовах бізнес може процвітати, а наші співробітники можуть безперешкодно прагнути до самовдосконалення. Міжнародне співтовариство може бути впевнене в тому, що їхні інвестиції в нашу країну будуть використані ефективно, за прямим призначенням".
#,martyrdies, Помирає мученик"В ході екстремальної демонстрації протесту проти уряду громадянин підпалив себе в столиці країни. Вони не вижили після отриманих ран, і їх мученицька смерть викликала хвилю громадянської непокори, яка дестабілізувала ситуацію в країні".
#,masssentencing. Масові вироки"Сотні ув'язнених були засуджені в ході одного слухання, порушивши міжнародні стандарти справедливого судового розгляду. Факти у справі кожної окремої людини, можливо, не були належним чином розглянуті під час цієї пародії на правосуддя".
#,migrantsdieintruck, Мігранти гинуть у вантажівці"Десятки тіл були виявлені в кузові комерційної вантажівки на нашому кордоні. Задушені жертви були ідентифіковані як іноземні мігранти, які загинули, намагаючись дістатися до нашої країни. Провина за цю трагедію покладається на уряд за неефективне патрулювання наших кордонів і за хронічну ситуацію, коли зневіреним людям не дозволяють законно в'їжджати в нашу країну".
#,militarycontractscandal, Скандал з військовим контрактом"Розслідування було розпочато після того, як національна газета розкрила узаконену корупцію в наших Збройних силах. Фальсифіковані контракти на закупівлі використовувалися для перекачування величезних сум державних грошей на особисті банківські рахунки".
#,minerskilled, Вбиті шахтарі"В результаті обвалу на шахті з видобутку корисних копалин загинули десятки шахтарів. В даний час проводиться розслідування дотримання стандартів охорони праці та техніки безпеки на об'єкті, але громадськість вважає це занадто незначним і запізнілим".
#,multinationalcompanyheadquarters, Штаб-квартира транснаціональної компанії"Велика транснаціональна компанія вирішила побудувати свою регіональну штаб-квартиру тут, в нашій країні. Сприятливий ринок праці, хороший рівень освіти і стабільний режим - все це сприяло їх вирішенню. Це означатиме зростання зайнятості та нашої економіки".
#,nationalcyberattack, Національна кібератака"Основні комп'ютерні системи нашої країни зазнали великої кібератаки. Банки, Засоби масової інформації та урядові веб-сайти - всі вони стали мішенями величезних іноземних ботнетів, що перевантажували сервери неймовірною кількістю онлайн-запитів. Зрозуміло, що за нападом стоїть Історичний агресор, який викликає гнів патріотів".
#,nationalsportsstarsgaggedbyforeignpower, Зіркам національного спорту заткнули роти іноземцями"Коли спорт-це бізнес, спортсменам потрібно перевірити свої контракти, перш ніж висловлювати свою думку. Були принесені принижені вибачення іноземній наддержаві, яка висловила незгоду з підтримкою протестного руху в їхній країні."
#,nationalteambanned, "Національна команда заборонена" Наша національна футбольна команда була відсторонена від участі у всіх змаганнях за расистські висловлювання на адресу своїх суперників. Расова напруженість у нашому суспільстві висока, і це дуже помітне покарання проливає бентежне світло на наші соціальні проблеми".
#,nationalteamdefects, "Деекти національної команди", національна збірна з футболу відмовляється повертатися з міжнародного турніру. Вони просять притулку в країні-організаторі турніру, стверджуючи, що їхньому життю загрожує небезпека, якщо вони повернуться додому. Це міжнародна ганьба, яка підкреслює наші широкі соціальні проблеми".
#,nationalteamexitsworldcup, Національна збірна залишає Чемпіонат світу,"Національна збірна з футболу вилетіла з чемпіонату світу раніше, ніж очікувалося. Наше населення не може стримати свого розчарування. Гравці зазнали жорсткої критики в засобах масової інформації, і по всій країні панує загальна зневіра. Як ми можемо прагнути стати світовим лідером, коли ми навіть не можемо брати участь у спортивних змаганнях?"
#,nationalteamwinsworldcup, Національна команда виграє Чемпіонат світу,"Національна збірна з футболу виграла Чемпіонат світу, порадувавши вболівальників по всій країні. Це може не призвести до довгострокових відчутних переваг, але хвиля доброї волі серед наших людей дуже вітається".
#,nativespeciesextinct, Місцеві види вимерли,"Дуже помітний місцевий вид тварин був оголошений вимерлим. Виною всьому ерозія їх природного середовища проживання і браконьєрство. Нездатність уряду захистити природні ресурси нашої країни розлютила екологів".
#,naturallyentertaining,Природно цікаво,"Знамениті натуралісти нашої країни зробили це знову. Їх остання серія документальних відеороликів стала світовим хітом, привертаючи увагу до найбільш актуальних глобальних екологічних проблем. Те, що решта світу сильно ототожнює нашу націю з цими випусками, також підвищує наш власний авторитет. Відбулося значне збільшення кількості членів екологічних груп".
#,newlyindustrializedcountrystatus, Статус нової промислово розвиненої країни,"Світові економісти класифікували нашу країну як нещодавно індустріалізовану. Це визнання нашого сильного політичного лідерства, зростання виробництва, урбанізації та вільної торгівлі".
#,nobelpeaceprize, Нобелівська премія миру,"Ті, хто, як вважається, зіграв важливу роль у просуванні демократії всередині країни і за кордоном, були удостоєні Нобелівської премії миру. Це рішуче схвалення нашого демократичного режиму міжнародним співтовариством".
#,olympichosts, Господарі Олімпійських ігор,"Ніщо так не говорить про міжнародне лідерство, як успішне проведення Олімпійських ігор, і наша Олімпіада пройшла без сучка і задирки. Прийняття олімпійської обітниці чесної гри та честі перед величезною аудиторією по всьому світу коштувало всіх витрат, політики та рукостискань. Ви впевнені, що спортсмени теж отримали задоволення?"
#,openlygayleader, Лідер відкритого гея,"Лідером опозиції був обраний політик-відкритий гей. Представництво на найвищих рівнях влади стало результатом тривалої кампанії проти дискримінації за ознакою статі в нашому суспільстві".
#,oppositionmembersstagewalkout,Учасники опозиції влаштовують страйк,"Представники опозиції в законодавчому органі вийшли на вулицю на знак протесту проти придушення демократичного процесу урядом. Без участі опозиції не може бути навіть видимості демократії".
#,oppositionplanswithdrawal, Опозиція плани згортаються"Деякі опозиційні партії заявили, що вони відкличуть своїх представників з виборчих дільниць на майбутніх виборах на знак протесту проти передбачуваних історичних фальсифікацій на виборах. Вони будуть посилатися на це як на причину свого програшу, і їхні дії привели політичних активістів у шаленство".
#,parkrangerkilled, Вбитий доглядач парку,"Охоронець парку, який потривожив групу озброєних браконьєрів, був убитий сьогодні під час виконання службових обов'язків. Цінність зникаючих видів на чорному ринку означає, що браконьєри тепер готові вбивати".
#,pipelineprotests,Протести на трубопроводі,"Будівництво нафтопроводу викликало запеклі протести, оскільки він проходить по землі, що належить спільноті корінних громадян. Вони рішуче виступають проти впливу на навколишнє середовище та привернули міжнародну увагу та підтримку з усього світу".
#,planecrash, Авіакатастрофа, "Літак, що належить Національному авіаперевізнику, зазнав аварії, загинули всі, хто знаходився на борту. Причиною відмови бортових систем було названо погане технічне обслуговування, а уряд звинуватили в низьких стандартах безпеки."
#,poachersconvicted,Браконьєри засуджені,"Браконьєрів, яких спіймали охоронці парку, судили і засуджували. Відданість наших рейнджерів захисту нашого природного середовища є похвальною, і вони не змогли б здійснити ці арешти без життєво важливих ресурсів, наданих урядом. Однак браконьєрська діяльність є симптомом бідності в нашому суспільстві, і чи не краще усунути першопричину?"
#,policeshooting, Стрілянина в поліції,"В результаті перестрілки з поліцією був убитий беззбройний громадянин. Жертва належала до расової меншини, що викликало обурення в їхній громаді. Прихильники лібералів згуртувалися навколо кампанії за соціальну справедливість, щоб покласти край дискримінаційному насильству з боку поліції."
#,politicalrelationshipdowngraded,Політичні відносини погіршені,"Ключовий торговий партнер погіршив свої політичні відносини з нашою країною. Це рішучий крок, який став результатом погіршення міжнародних відносин між нашими країнами. Постраждають зовнішня торгівля та інвестиції, оскільки значна частина цієї економічної діяльності буде припинена".
#,politicalrelationshipupgraded,Політичні відносини покращені,"Ключовий торговий партнер поліпшив свої політичні відносини з нашою країною. У міру розвитку відносин між нашими країнами також збільшувалися обсяги зовнішньої торгівлі та інвестицій. Це офіційне політичне оновлення додасть цій економічній діяльності додатковий імпульс".
#,protesterskilled, Протестувальники вбиті,"Десятки протестувальників були вбиті озброєною поліцією під час політичної демонстрації. Незалежно від законності маршу, це жорстоке придушення є вкрай недемократичним і викликає осуд як з боку громадськості, так і з боку міжнародного співтовариства. Безсумнівно, будуть подальші громадянські заворушення".
#,quantumcomputing, Квантові обчислення,"Вітчизняна технологічна фірма оголосила про початок нової ери комп'ютерних технологій. Квантові процесори використовують абстрактні наукові принципи для виконання багатьох обчислень одночасно. Завдання, на виконання яких у звичайного комп'ютера пішли б тисячі років, тепер можуть бути виконані за лічені хвилини. Лідерство на ринку в технологічному секторі, схоже, забезпечено нашій країні".
#,regionalwar, Регіональна війна,"У сусідній країні вибухнула війна, що викликало напруженість уздовж нашого кордону з ними. Ми спостерігаємо приплив біженців, а також припинення торгівлі. Є також побоювання, що конфлікт в такій безпосередній близькості підірве стабільність нашої власної країни".
#,resourcesobsolete,Ресурси застаріли,"Світовий попит на корисні копалини, що видобуваються на наших національних рудниках, впав. Були знайдені кращі альтернативи для заміни наших ресурсів у виробничих процесах. Єдиний спосіб стимулювати їх використання-це знизити ціни, а разом з ними і доходи".
#,richestcompanypaysnotax,Найбагатша компанія не платить податків,"Найбагатша транснаціональна компанія в світі не заплатила нам ніяких податків в цьому році, незважаючи на те, що в нашій країні були отримані мільярдні доходи. Використовуючи найкращі методи бухгалтерського обліку на основі експлуатації та офшорні податкові притулки, які можна придбати за гроші, ця корпорація гарантує, що ніхто не зможе конкурувати, одночасно обманюючи наш уряд вкрай необхідними державними коштами. Соціалісти розлючені, і патріоти не можуть повірити, що наша велика нація не в змозі оподаткувати цю іноземну освіту".
#,royalbaby, Королівська дитина,- Для роялістів-думки про престолонаслідування. Для всіх інших - милі дитячі фотографії. Коли в королівській родині нашої країни народжується майбутній монарх, для кожного знайдеться щось своє. Що ж, принаймні, хоч щось для достатньої кількості виборців, щоб ми могли прийняти цей складний закон без особливого висвітлення в пресі. Посміхніться перед камерами, Ваші Величності."
#,royalwedding, Королівське весілля,"Можуть виникнути деякі суперечки з приводу окупності інвестицій в королівську сім'ю нашої країни. Однак, коли Вам потрібно відволікти електорат, ви можете покластися на широке висвітлення преси королівського весілля. Давайте не будемо говорити про те, скільки коштувала подія, зрештою, це їх особливий день".
#,schoolgirlskidnapped, Викрадення школярок,"Сотні учениць були викрадені терористами з державної школи. Екстремісти дестабілізували район нашої країни, де відбулося викрадення, в ході тривалої кампанії проти нашого уряду, наших ресурсів безпеки недостатньо, щоб повернути контроль і врятувати школярок".
#,schoolshooting, Стрілянина в школі,"Сталася національна трагедія. Стрілець-одинак проник на територію школи і вбив десятки учнів і співробітників. Без приналежності до відомого радикального угруповання службам безпеки практично неможливо попередити і запобігти подібним перестрілкам. Доступ до вогнепальної зброї та відсутність психіатричної допомоги знову виявилися смертельним поєднанням".
#,scientificbreakthrough, Науковий прорив,"У нашій країні була розроблена нова технологія виробництва акумуляторів, яка змінить спосіб живлення машин у всьому світі. При подвоєній щільності ємності існуючі продукти можуть бути перероблені з використанням елементів меншого розміру і створені нові, раніше неможливі продукти з батарейним живленням. Здатність нашого уряду забезпечити високу освіту вітчизняних вчених та залучити закордонні таланти принесла свої плоди".
#,sexualassault, Сексуальне насильство,"Існує загальнонаціональне обурення, оскільки широко висвітлюється сексуальне насильство над жінкою в громадському транспорті. Насильницькі злочини проти жінок огидні. Те, що зґвалтування може бути вчинено публічно без втручання когось, є жахливим звинуваченням у нашому суспільстві. Електорат вимагає, щоб уряд вирішив проблему беззаконня та гендерної нерівності".
#,shareipocancelled, IPO Share скасовано,"Відома компанія скасувала свій дебют на фондовому ринку, вирішивши відкласти IPO. Це ще один тривожний приклад більш широкої тенденції компаній, чиї публічні лістинги акцій зіткнулися з проблемами. Інвестори, які раніше відчайдушно прагнули Інвестувати капітал у зростаючі акції, тепер ставлять під сумнів оцінку компаній, які ще не отримали прибутку. Побоювання з приводу глобального економічного зростання підривають перспективи того, що ці компанії коли-небудь будуть прибутковими".
#,shareiposuccess, Успіх IPO Share,"Новітня історія успіху технологічного стартапу в нашій країні публічно зареєструвалася на національній фондовій біржі. Інвестори прагнули купити частину новітньої компанії, щоб зруйнувати традиційні ринки, бачачи, як акції зростають у перший день торгів. Це відмінний показник рівня технологічних знань наших співробітників і сприятливого середовища для торгівлі".
#,socialmedia, Соціальні мережі?,"Ведеться розслідування щодо фірми з аналізу даних, яка обманним шляхом зібрала персональні дані мільйонів громадян через платформи соціальних мереж. Користувачі думали, що вони проходять веселу вікторину, але в підсумку потрапили під вплив таргетованої реклами під час останніх виборів".
#,socialstupidity,Соціальна дурість,- Їсть пакетики з пральним порошком... Дітям можна було б пробачити вживання солодких мильних стручків, але це небезпечне заняття стало вірусним серед підлітків, оскільки користувачі соціальних мереж кидають виклик один одному пожувати отруту. Те, що наша молодь може діяти настільки безвідповідально, є національною ганьбою і вимагає переорієнтувати наші ресурси на освіту".
#,spousescandal, Скандал з чоловіком,"Повідомлялося, що ваш чоловік скористався приватним літаком, щоб відправитися за покупками за кордон. Як лідер уряду, це гучне зловживання владою не буде добре сприйнято електоратом".
#,statevisitcancelled, Держава візит скасовано,"Глава іноземної держави скасував свій офіційний візит до нашої країни. Вони звинувачують регіональну нестабільність і проблеми безпеки в їх скасуванні. Це нехтування робить вас слабким, ставлячи під сумнів здатність нашого уряду підтримувати порядок".
#,stickingupfortheenvironment,На захист навколишнього середовища,"Учасник акції протесту проти охорони навколишнього середовища порушив правила безпеки в аеропорту і приклеївся до літака. Вильоту рейсу було перешкоджено, і в столичному аеропорту спостерігаються масові перебої в роботі".
#,stormdestroysrailway, Шторм руйнує залізницю,"Ключова ділянка залізниці була зруйнована жорстоким штормом. Заходи щодо захисту навколишнього середовища були недостатніми для захисту нашої основної інфраструктури, що свідчить про прикру нестачу інвестицій з боку нашого уряду і відсутність нагляду".
#,terrorattack, Теракт,"Столиця нашої країни була перетворена в зону бойових дій в результаті серії скоординованих терористичних атак. Терористи-смертники заганяли невинних людей під вогонь Стрільців, чекаючи, коли вони втечуть від вибухів. Сотні невинних громадян загинули, і у вас не залишилося іншого вибору, як оголосити надзвичайний стан по всій країні для боротьби з тероризмом. Громадянські свободи припиняються, поки не буде забезпечена безпека виборців".
#,terroristleaderkilledЛідер терористів убитий", лідер терористичного осередку був убитий в результаті удару безпілотника, організованого нашими військовими. Вони шукали притулку в співчутливій країні, співучасники того, що дозволили своєму радикальному угрупованню планувати і проводити терористичні атаки проти наших громадян. Хоча це великий день для збереження безпеки та свободи нашої країни, є ті, хто вважає наші методи імперіалістичними".
#,tinderbox, Трутниця,"Минулого року сильний вітер пошкодив лінії електропередач, що стало причиною найсильніших лісових пожеж за всю історію спостережень. У зв'язку з прогнозованими штормами на електростанціях заплановані відключення електроенергії, щоб запобігти ще одне пекло".
#,touristkilledinanimalattack, Турист загинув в результаті нападу тварини,"Турист був убитий після нападу дикої тварини. З огляду на велику кількість туристів, що знаходяться в безпосередній близькості від дикої природи в нашій країні, запобігти всі випадки нападу неможливо. Однак подібна новина може тільки нашкодити туристичній індустрії".
#,touristmurdered, Турист убитий,"Турист був убитий під час пограбування. Ця історія широко висвітлювалася в міжнародній пресі, привертаючи увагу до соціальних проблем нашої країни. Наша прибуткова туристична індустрія є останньою економічною жертвою високого рівня злочинності".
#,tradedispute, Торгова суперечка,"Між двома найбільшими економіками світу вибухнула велика торгова війна, і, на жаль, ми неминуче потрапимо під перехресний вогонь. Ця війна тарифів в основному переслідує внутрішньополітичні цілі, але вона все одно вплине на наш експорт і підвищить ціни на імпортовані нами продукти харчування".
#,undermined, Підірвавши,"Іноземний конкурент підриває одну з наших ключових видобувних галузей, що призводить до падіння цін на сировинні товари. Капітальні резерви великого конкурента можуть покрити збитки, які вони, мабуть, несуть, субсидуючи виробництво".
#,unitednationssecretary_general, Секретар Організації Об'єднаних Націй-Генерал,"Один з наших видатних дипломатів був призначений генеральним секретарем Організації Об'єднаних Націй. Вони стануть представником і лідером цієї могутньої глобальної організації, яка виступає в якості світового модератора".
#,women_smarch, Жінки "Марх жінок" наповнили столицю маршем протесту проти гендерної нерівності. Жінки в нашій країні недостатньо представлені, недооцінені та недоплачені. Ця демографічна група, що становить половину електорату, небезпечна для залучення до політичних дій".
#,worldheritagesite,Об'єкт Всесвітньої спадщини,"Міжнародний орган присвоїв пам'ятці архітектури в нашій країні статус всесвітньої спадщини. Ця нагорода присуджується об'єктам, які мають значну культурну, історичну та наукову цінність для інтересів людства. Наше особливе місце розташування тепер буде юридично захищене міжнародними договорами, і ми очікуємо значного зростання туризму, оскільки світ відвідає наше диво".
#,xenophobicattacks, "Напасти на гранти ксенїобії","учасники заворушень напали на власників іноземних магазинів, протестуючи проти того, щоб робітники-іммігранти отримували роботу. Іноземці шукали притулку від протестувальників у місцях відправлення культу та поліцейських дільницях. Ксенофобія щодо мігрантів буде продовжуватися, оскільки рівень безробіття викликає загальне обурення".
#,youngbutnotsodumb,Молодий, але не такий тупий,"Студенти зібралися, щоб висловити протест проти передбачуваної приманки і підміни з боку вашого уряду. Ви проводили кампанію на платформі рівності та соціальної справедливості для будь-якого віку, але не змогли заспокоїти молодь".
#,CreditRatingDowngraded, Кредитний рейтинг знижений!,"Найбільші міжнародні кредитні агентства знизили статус боргу вашого уряду. Це, ймовірно, матиме негативний вплив на ВВП, оскільки іноземні компанії будуть насторожено інвестувати в нашу економіку, і це також призведе до зростання процентної ставки, яку ми сплачуємо за боргом. є хороший шанс, що це засмутить і наших капіталістичних виборців. Вам слід вжити заходів, щоб відновити довіру до рейтингових агентств, знизивши рівень заборгованості якомога швидше. Ваш поточний кредитний рейтинг тепер дорівнює"<CREDITRATING>""
#,CreditRatingUpgraded, Кредитний рейтинг підвищений!,"Найбільші міжнародні кредитні агентства підвищили кредитоспроможність вашого уряду. Це чудова новина! Це повинно призвести до зниження процентних ставок за нашим боргом, а також може призвести до зростання ВВП за рахунок більш високого рівня довіри з боку іноземних інвесторів. Ця новина також, ймовірно, порадує капіталістичних виборців. Ваш поточний кредитний рейтинг тепер дорівнює"<CREDITRATING>""
#,FailedCapitalistAssassination, Невдалий замах на вбивство!,"Агенти секретної служби сьогодні врятували вас від добре організованої спроби замаху на вас. Самотній снайпер з високотехнологічною гвинтівкою був заарештований всього в 200 футах від того місця, де ви планували зустрітися з вчителями на церемонії відкриття школи. Вбивця підтвердив підозри розвідувальної служби про те, що він був найнятий надсекретною групою надбагатих промисловців, відомої як "група Баттенбурга". Здається, є ряд капіталістів-екстремістів, які хочуть вашої смерті та відставки вашого уряду. Будь обережний."
#,FailedConservativeAssassination, Невдала спроба вбивства!,"Схоже, екстремістське крило консервативного" Альянсу традиційних цінностей " взяло на себе завдання усунути вас з поста глави уряду. Очевидно, що ця осколкова група відома як" моральний хрестовий похід", і сьогоднішня невдала спроба вбивства не буде їх останньою. Ви, мабуть, дійсно стрясаєте клітини консерваторів, раз змушуєте їх до подібних дій".
#,FailedEthnicAssassination, Невдала спроба вбивства!,"Сьогодні вранці Ви були розбуджені в паніці звісткою про те, що озброєні екстремісти вчинили замах на ваше життя. Група озброєних антиурядових демонстрантів, які стверджують, що вони з "групи чорної влади", відкрила вогонь по урядових будівлях сьогодні вранці, розбивши вікна і поранивши деяких співробітників, але, на щастя, обійшлося без жертв. Група звинуватила уряд у расизмі та заявила, що вони представляють гнів етнічних меншин цієї країни. Ми повинні бути обережними щодо потенційних подібних атак у майбутньому".
#,FailedFarmersAssassination, Невдала спроба вбивства!,"Сьогодні о 10.21 ранку наші співробітники Служби безпеки заарештували чоловіка, який намагався пробратися на брифінг для преси із зарядженим дробовиком. Очевидно, він був із "Альянсу фермерів", екстремістської групи, створеної для боротьби з політикою уряду щодо сільського господарства. Сили безпеки вже деякий час стежать за цією організацією, і зрозуміло, що поки політика уряду не зміниться, нам доведеться очікувати нових нападів, подібних до цього. Цього разу нам пощастило".
#,FailedGreenAssassination, Спроба вбивства!,"Було скоєно невдалий замах на ваше життя терористичним угрупуванням зелених, відомої як "зелена бригада". Вам пощастило, що відважні співробітники вашої розвідки зуміли вчасно перехопити їх. У майбутньому нам може не пощастити так сильно, тому ви, можливо, захочете переглянути заходи безпеки. Це невелика маргінальна група екотерористів, але чим більше ми обурюємо ширший екологічний рух, тим більше подібних нападів нам доведеться очікувати".
#,FailedLiberalAssassination, Невдала спроба вбивства!,"Приносимо вибачення за те, що в поспіху вивели вас з будівлі, але цей вибух був замахом на вас, здійсненим екстремістської ліберальної угрупованням, відомої як "Ліга свободи". Вони, очевидно, досить розлючені ставленням вашого уряду до ліберальних питань, щоб спробувати рознести вас на шматки. На щастя, нашим службам безпеки вдалося виявити бомбу до того, як вона вибухнула. Наступного разу нам може так не пощастити."
#,FailedPatrioticAssassination, Невдала спроба вбивства!,"Ті постріли, які ви чули на сьогоднішньому ранковому зібранні, були не тренуванням, а реальною спробою вбити вас групою озброєних до зубів терористів, які називають себе "істинний шлях". Мабуть, це якась ультрапатріотична воєнізована організація, останнім часом вони стають все більш агресивними у своїй критиці уряду. Сьогодні нам вдалося зловити їх до того, як вони підібралися ще ближче. Наступного разу нам може так не пощастити."
#,FailedReligiousAssassination, Невдала спроба вбивства!,"Секретна служба заробила свою платню сьогодні, коли вони заарештували вагон з людьми, які, мабуть, є релігійними фанатиками, які планують напад на Вас і Кабінет Міністрів. Фургон, наповнений вибухівкою та стрілецькою зброєю, був зупинений нашою пильною поліцією після того, як наші співробітники Служби безпеки перехопили розвіддані. Здається, існує ряд релігійних екстремістів, які вирішили скинути нинішній уряд. Ця компанія називала себе"армією Божою"."
#,FailedSocialistAssassination, Невдалий замах!,"Раніше сьогодні наші чудові співробітники секретної служби заарештували п'ятьох озброєних людей, які зібралися біля урядової штаб-квартири, очевидно, з планом вашого вбивства. В даний час ми допитуємо цих людей, але поки що все, що нам відомо, це те, що вони є частиною крайнього лівого руху під назвою "Соціалістична армія". Якби не наші хоробрі хлопці з безпеки, ви б зараз були в морзі, сер..."
#,GainNewDonor, Новий великий партійний донор!,"Завдяки вашим зусиллям зі збору коштів вдалося залучити нову заможну людину, яка зробить пожертвування у фонд вашої майбутньої кампанії. Переконайтеся, що ви робите цього донора щасливим, і зверніть увагу на групи, яким він симпатизує. Якщо донори стануть незадоволені, є ймовірність, що ви втратите їх життєво важливу фінансову підтримку".
#,LoseDonor, Великий донор залишає партію!,"Схоже, ви не прислухалися до думки наших основних фінансових спонсорів. Один з наших багатих донорів просто скоротив свою підтримку нашої партії. Це може вплинути на нашу здатність ефективно проводити кампанію, якщо ми не зможемо знайти донора на заміну (і зберегти їх...)""
#,_MinisterialResignation, Відставка міністра,"Одному з ваших Міністрів набридло служити у вашому уряді, і він пішов у відставку, щоб "проводити більше часу зі своєю сім'єю". Вам доведеться якомога швидше знайти когось, хто підходить для їх заміни."
#,socialmediascandal, Скандал у соціальних мережах,"Розслідування виявило шокуюче порушення конфіденційності провідними технологічними компаніями, що стоять за популярними сайтами соціальних мереж. Відсутність належного захисту приватного життя та правоохоронних органів призвела до того, що технологічні компанії вільно збирали величезні обсяги приватної інформації, яка потім продавалася тому, хто заплатить більше. Це прекрасний приклад однієї з небезпек нашого способу життя, пов'язаного з постійними зв'язками. Природно, борці за конфіденційність обурені тим, що ви дозволили це статися".
#,tsunami, Цунамі!,"Руйнівне цунамі обрушилося на наше узбережжя. Незважаючи на те, що ми готуємося до таких подій, неможливо запобігти всім людським жертвам і збиткам. Руйнування, завдані нашим прибережним містам і рибної промисловості, серйозні і стануть значним ударом по нашій економіці".
#,earthquake, Землетрус!,"У нашій країні стався землетрус. Хоча, на щастя, кількість жертв досить низька, це матиме помітний вплив на нашу економіку, оскільки підприємствам потрібен час для відновлення та усунення збитків".
#,falklands, Аргентина піднімає прапор,"Давня суперечка про приналежність Фолклендських островів була знову розпалена Аргентиною, яка претендує на острови як на "Мальвінські острови". Аргентинські солдати висадилися і поставили прапор, а потім, після короткої промови для телебачення, відступили, але це тривожна ознака того, що Аргентинський уряд вважає, що ми, можливо, не зможемо захистити острови вдруге, якщо вони зроблять ще одну спробу вторгнення".
#,russianships, Наближаються російські кораблі,"У все більш відвертій спробі залякати нас і перевірити нашу обороноздатність кораблі і літаки російського військово-морського флоту підійшли надзвичайно близько до наших кордонів, вимагаючи від нас посилення оборони. Це показує, що наші військові можливості в даний час не вважаються серйозним стримуючим фактором".
#,heatwave, Спека,"Оскільки глобальні температури підвищилися, наша погода стала більш екстремальною, і в даний час ми знаходимося в епіцентрі небезпечної спекотної погоди, що призводить до лісових пожеж і численних смертей. Наша країна просто не звикла справлятися з такими екстремальними погодними умовами, і ми починаємо відчувати економічні наслідки".
#,blacklivesmatter,Життя чорношкірих має значення,"Після гучного арешту поліції, який вбив кольорову людину, хвиля гніву через расову нерівність прокотилася по всій нашій країні".

#,BorderConflict, Прикордонний конфлікт!,"Смілива нація щойно розпочала прикордонний конфлікт! наші сили вступили в бій, і нові підкріплення вже в дорозі".
#,GovermentScandal, Урядовий скандал!,"Один з ваших високопоставлених чиновників крав гроші, які повинні були бути використані для оплати державних витрат, незабаром після того, як це було виявлено, чиновнику вдалося покинути країну".
#,ArtifactsDiscovered, Ми виявили артефакти!,"Одній з наших команд вдалося виявити артефакти, давно втрачені нашою цивілізацією!".
#,AirAccident, Авіакатастрофа!, "Один з наших військових вантажних літаків, що перевозили обладнання і транспортні засоби, зазнав аварії з невідомих причин, ми почали розслідування цієї справи, ми повинні відправити звіт нашому вищому військовому персоналу, як тільки розслідування буде завершено..."
#,AShootingStar, Падаюча зірка!,"У нас щойно була падаюча зірка, яка засвітила небо!"
#,SchoolShootingPrevented, Ми запобігли стрілянині в школі!,"На щастя, один з наших шкільних радників зміг зупинити стрілянину в школі, багато людей щасливі, що ми зупинили це, і нас хвалять, але деякі батьки та інші активісти думають, що ми могли б запобігти цьому в першу чергу".
#,SchoolShooting, Стрілянина в школі!,"Сьогодні один підліток з місцевої школи, озброєний 9-міліметровим пістолетом свого батька і гвинтівкою калібру 5,56, вистрілив і вбив 12 інших підлітків і 2 вчителів, і поранив ще 22 людини цього ранку, поліція відреагувала на стрілянину і застрелила підлітка, наша нація сильно постраждала від цієї трагічної події".
#,LocalHero, Народився герой,"Пожежа в місцевій ремонтній майстерні та невеликому будинку змусила пожежника втрутитися і врятувати 11 людей в обох будівлях, на щастя, ніхто серйозно не постраждав, але, на жаль, будівлі втрачені, але пожежник - герой, який врятував життя, яке могло бути втрачено, і захистив будівлі від спіткала та ж доля, що і попередні будівлі."
#,GovermentTraitorArrested, Заарештовано зрадника уряду!,"Один з ваших високопоставлених чиновників крав гроші, які повинні були бути використані для оплати державних витрат, незабаром після того, як це було виявлено, чиновнику майже вдалося покинути країну, але наша Секретна служба разом з нашою поліцією змогли заарештувати його до того, як він втік!"
#,HugeFire, Величезна пожежа!,"Трагічний нещасний випадок спричинив величезну пожежу в ремонтній майстерні! На жаль, жодна служба реагування на надзвичайні ситуації не змогла прибути досить рано, щоб зупинити швидке поширення пожежі".
#,ArtifactsStolen, Деякі артефакти були вкрадені!,"Минулої ночі шестеро грабіжників проникли в наш національний музей і вкрали безліч безцінних артефактів, поліція змогла встановити особи грабіжників. Якщо у вас є будь-яка інформація, повідомте поліцію за винагороду в розмірі 100 000 Доларів США за будь-яку інформацію, яка призведе до повернення артефактів. Сказав репортер DDC"
#,CrimeSpree, Міська злочинність веселощі!,"Чоловік і жінка влаштували кримінальний скандал у захопленому місті, поліція затоплює вулиці в пошуках підозрюваних, до вас приставлена група безпеки, щоб захистити вас в цей важкий час".
#,ZooBreak, Тварини тікають із зоопарку!,"Тварини заповнюють вулиці, блокуючи рух транспорту, викликаючи заворушення, і надходять повідомлення про те, що тварини завдають шкоди майну і навіть нападам".
#,Flood, Міста затоплені!,"У багатьох містах після сильних дощів сталися повені".

#,globalsummit,Глобальний лідерський саміт, "Недавній саміт, в якому взяли участь кілька найбільш впливових лідерів світу, пройшов краще, ніж ми очікували. Знайдено спільну мову, укладено угоди, і вирішено непорозуміння. Світ став трохи безпечнішим, частково завдяки вашому внеску."
