"#,CryptocurrencyCrash!,Cryptocurrency Crash!,""Munculnya cryptocurrency telah menyebabkan gelembung yang meledak begitu saja. Jutaan wiraswasta telah kehilangan uang. Kini mereka menyerukan peningkatan regulasi mata uang internet."""
"#,FlashCrash,Kecelakaan Kilat,""Perdagangan otomatis telah membuat pasar saham begitu rapuh sehingga satu perdagangan besar saja telah menyebabkan harga saham melonjak secara tiba-tiba. Para ekonom menyerukan segera diberlakukannya aturan perdagangan otomatis untuk mencegah bencana serupa terjadi lagi. PDB kita mengalami pukulan telak."""
"#,accidentalshooting,Penembakan yang Tidak Disengaja,""Tingkat kejahatan sangat tinggi di negara kita sehingga penyerangan ke rumah merupakan kekhawatiran yang realistis bagi semua warga negara. Seorang selebriti telah menembak anggota keluarganya sendiri di rumahnya, mengklaim bahwa mereka mengira mereka adalah penyusup."""
"#,accountantsbusted,Akuntan Tertangkap,""Wartawan yang menyelidiki penipuan pajak yang kompleks telah diberikan, dan dipublikasikan, sebuah database besar dari sebuah firma akuntansi luar negeri yang dipermalukan. Database tersebut mencakup rincian ribuan orang kaya dari negara kita, termasuk politisi dan selebriti, yang menunjukkan dengan tepat bagaimana mereka telah menghindari pembayaran pajak. Hal ini mendominasi siklus pemberitaan dan memicu kemarahan mengenai kesenjangan dan konsekuensi dari kapitalisme yang tidak terkekang."""
"#,affair,Perselingkuhan, ""Seorang bintang porno secara terbuka menuduh Anda berselingkuh dengan mereka, dan bahwa Anda membayar mereka uang tutup mulut untuk merahasiakan kecerobohan Anda. Yang lebih buruk lagi, uang tutup mulut itu berasal dari dana kampanye, yang merupakan kejahatan. Saatnya untuk temukan antek berpangkat rendah untuk menanggung akibatnya, menyangkal perselingkuhannya, dan membayar penuduh Anda agar hal ini hilang."""
"#,aidtoeradicatedisease,""Bantuan Untuk Memberantas Penyakit,""Sebuah organisasi internasional telah memberikan bantuan dalam jumlah besar, yang menargetkan pemberantasan penyakit yang melemahkan di negara kita. Masyarakat kita menderita, jadi suntikan sumber daya untuk melawan penyakit ini sangat kami harapkan. Namun, kami sangat menyambut baik hal ini. kebutuhan pemerintah akan dukungan eksternal seperti itu telah dikritik oleh para komentator patriotik."
"#,aidtoeradicatepoverty,Bantuan Untuk Memberantas Kemiskinan,""Sebuah organisasi internasional telah memberikan bantuan dalam jumlah besar, yang menargetkan pengentasan kemiskinan di negara kita. Rakyat kita menderita, jadi suntikan sumber daya untuk memerangi kemiskinan ini sangat disambut baik. Namun, hal itu dibutuhkan oleh pemerintah kita dukungan eksternal seperti itu telah dikritik oleh para komentator patriotik."""
"#,airstrike,Serangan Udara, Klaim penimbunan senjata pemusnah massal telah digunakan sebagai pembenaran untuk mengebom sasaran militer di negara kita. Kampanye udara koalisi militer asing ini akan mengurangi kemampuan militer kita, dan semakin merusak hubungan luar negeri."""
"#,carpoolrapescandal,Skandal Pemerkosaan Carpool, ""Perusahaan ride sharing terbesar yang beroperasi di negara ini secara sistematis menekan tuduhan pemerkosaan yang dilakukan terhadap pengemudi mereka. Jurnalis investigasi menemukan bukti dari ratusan laporan yang dibuat oleh penumpang yang mendukung pekerja diberitahu untuk tidak melapor ke penegak hukum. Perusahaan teknologi startup memiliki staf yang sangat sedikit, protokol keselamatan dasar diabaikan di sektor-sektor yang terganggu oleh hal tersebut."""
"#,celebrityopioiddeath,Kematian Selebriti Karena Narkoba,'Seorang bintang film muda ditemukan tewas di apartemen mereka, dikelilingi oleh botol resep opioid. Biasanya digunakan untuk menghilangkan rasa sakit jangka pendek, golongan obat adiktif ini telah membanjiri lemari obat negara kita. Ketika asuransi kesehatan menang tidak perlu membayar apa pun kecuali pil murah, opioid mudah diresepkan oleh dokter. Ribuan orang meninggal karena overdosis selama krisis ini."""
"#,centralbankfraud,Penipuan Bank Sentral,""Para pejabat di bank sentral diketahui melakukan penipuan, menukar uang kertas baru dengan uang palsu. Ketika lembaga-lembaga yang menjadi fondasi sistem keuangan kita korup, bagaimana masyarakat kita bisa mempercayai kepemimpinan pemerintah ini?"""
"#,civilservantsstrike,Pemogokan Pegawai Negeri Sipil, ""Pegawai negeri memilih untuk mogok demi gaji. Ketika majikan Anda adalah pemerintah, Anda tidak bisa begitu saja mengundurkan diri dan mencari pekerjaan lain dengan pesaing. Pegawai negeri sering kali merupakan tugas tanpa pamrih, namun remunerasi untuk mendukung standar kerja yang wajar hidup harus diharapkan."""
"#,coastaloilspill,Tumpahan Minyak di Pesisir,""Tumpahan minyak yang menghancurkan telah menghapus stok perikanan lokal, menghancurkan cara hidup penduduk pedesaan setempat. Hal ini akan membuat mereka berpindah dari daerah tersebut ke kota-kota terdekat, dan memperburuk niat buruk yang dirasakan di antara mereka yang menginginkannya untuk melindungi lingkungan, dan mereka yang ingin mengeksploitasinya."""
"#,corruptionarrests,Penangkapan Korupsi,""Pejabat yang korup telah ditangkap atas tuduhan penggelapan. Kampanye penegakan antikorupsi yang berkelanjutan telah berujung pada penangkapan-penangkapan besar ini. Kurangnya toleransi kami terhadap korupsi telah menjadi jelas, dan kami telah menunjukkan bahwa tidak ada seorang pun yang berada di atas hukum."""
"#,CryptocurrencyCrash,Kehancuran Mata Uang Kripto,""Munculnya mata uang kripto telah menyebabkan gelembung yang pecah begitu saja. Jutaan wiraswasta telah kehilangan uang. Kini mereka menyerukan peningkatan regulasi mata uang internet."""
"#,deadlyvirusoutbreak,Wabah Virus Mematikan,""Telah terjadi wabah virus mematikan yang menewaskan ribuan orang di seluruh negeri. Keganasan penyakit ini yang luar biasa, dan angka kematian pasien yang tinggi sangat menyedihkan. Perjalanan dan perdagangan internasional telah dibatasi hingga wabah ini dapat diatasi."""
"#,deadlywatercontamination,Kontaminasi Air yang Mematikan,""Ratusan ribu warga tidak memiliki air minum yang aman setelah air keran mereka terkontaminasi timbal. Untuk menghemat uang, pemerintah kota mengganti sumber air setempat, namun air baru tersebut menimbulkan korosi pada pipa timah yang mengalirkannya. Sebelumnya menemukan keracunan timbal, dua belas orang tewas."""
"#,debtdeal,Kesepakatan Utang,""Sebuah kesepakatan telah ditengahi dengan para kreditor internasional untuk merestrukturisasi utang negara kami. Dengan mengkonsolidasikan pinjaman kami, dan mengamankannya terhadap arus kas dari perusahaan milik publik, pembayaran bunga kami telah berkurang secara signifikan.."""
"#,diplomaticimmunity,Imunitas Diplomatik,""Seorang diplomat asing telah meninggalkan negaranya setelah diduga membunuh seorang warga negara dalam kecelakaan mobil. Mereka menggunakan kekebalan diplomatik mereka untuk melakukan perjalanan kembali ke negara asal mereka, tanpa tertandingi oleh penegakan hukum. Meskipun diharapkan untuk mematuhi hukum, ada ribuan diplomat asing di wilayah kita yang beroperasi di atasnya. Masyarakat melihat hal ini sebagai pelanggaran besar terhadap keadilan, dan mengarahkan kemarahan mereka pada kelas politik."""
"#,diseaseeradicated,Imunitas Diplomatik,""Seorang diplomat asing telah meninggalkan negaranya setelah diduga membunuh seorang warga negara dalam kecelakaan mobil. Mereka menggunakan kekebalan diplomatik mereka untuk melakukan perjalanan kembali ke negara asal mereka, tanpa tertandingi oleh penegakan hukum. Meskipun diharapkan untuk mematuhi hukum, ada ribuan diplomat asing yang berada di wilayah kita yang beroperasi di atasnya. Masyarakat melihat hal ini sebagai pelanggaran besar terhadap keadilan, dan mengarahkan kemarahan mereka pada kelas politik yang berstatus ini, sehingga masyarakat kita dapat terus hidup bebas dari penyakit yang merusak ini."""
"#,disputedterritoryrepatriated,Wilayah yang Disengketakan Direpatriasi,""Setelah keputusan pengadilan internasional, sebuah wilayah penting yang secara historis kami klaim kedaulatannya telah dipulangkan. Penghuni wilayah tersebut saat ini selalu membantah klaim kami, namun tidak punya pilihan selain mengosongkan dan mengalihkan kepemilikan wilayah tersebut."""
"#,drought,Kekeringan,""Hujan musiman belum turun, dan negara ini menderita kekeringan akut. Panen gagal, pasokan air berkurang, dan populasi ternak serta satwa liar tidak dapat dipertahankan. Dengan infrastruktur yang lebih baik, parahnya situasi ini bisa saja diatasi. diringankan."""
"#,dubiousrolemodel,Model Peran yang Meragukan,""Seorang pejabat tinggi, yang Anda pilih, memuji seorang diktator yang terkenal ekstrem dalam salah satu pidatonya. Mereka mungkin telah membunuh jutaan orang tak bersalah selama pemerintahannya, namun mereka memiliki beberapa gagasan menarik tentang infrastruktur negara."""
"#,electiondeclaredfreeandfair,Pemilu Dinyatakan Bebas Dan Adil,""Pemilu lalu dinilai bebas dan adil oleh para pengamat internasional. Pemilu nasional adalah salah satu dari sedikit kesempatan di mana individu dapat memberikan dampak langsung terhadap proses demokrasi. Dengan menjaga integritas sistem pemungutan suara , demokrasi itu sendiri tetap terpelihara."""
"#,electionflawed,Pemilu yang Cacat, Pemilu yang lalu tidak memenuhi standar internasional, menurut kelompok pengamat independen. Pemilu nasional adalah salah satu dari sedikit kesempatan dimana individu dapat memberikan dampak langsung pada proses demokrasi. Dengan melemahkan sistem pemungutan suara, demokrasi itu sendiri ditumbangkan."""
"#,electionresultchallenged,Hasil Pemilu Digugat,""Oposisi, yang kalah dalam pemilu lalu, dengan tegas menuduh telah terjadi kecurangan. Mereka menggugat hasil pemilu di mahkamah agung, pengadilan tertinggi di negara tersebut. Sekalipun mereka tidak berhasil, tidak ada asap tanpa api, dan para pemilih akan marah."""
"#,embezzledfundsrecovered,Dana yang Digelapkan Dipulihkan,""Uang yang disedot oleh mantan pemimpin telah diperoleh kembali dari rekening bank asing. Ketika tingkat korupsi di masyarakat kita berkurang, lembaga penegak hukum kita tidak terhalang untuk memperbaiki kesalahan di masa lalu."""
"#,environmentalconservationaid,Bantuan Konservasi Lingkungan,""Sebuah organisasi internasional telah memberikan sejumlah besar bantuan untuk membantu pelestarian lingkungan di negara kita. Lingkungan alam kita yang berharga sedang menderita, jadi suntikan sumber daya untuk melawan penurunan ini sangat disambut baik. Namun, hal itu dibutuhkan oleh pemerintah kita dukungan eksternal seperti itu telah dikritik oleh para komentator patriotik."""
"#,extraditedhackerconvicted,Peretas yang Diekstradisi Dihukum,""Kami telah berhasil mengekstradisi dan menghukum seorang peretas asing yang menyusupi sistem komputer utama pemerintah. Pengaruh global dan perjanjian ekstradisi kita telah memberikan pukulan telak terhadap kejahatan dunia maya internasional saat ini."""
"#,extremiststate,Negara Ekstremis, ""Sebuah faksi ekstremis di negara kita telah mendeklarasikan kemerdekaan wilayahnya sendiri. Mereka telah mengamankan daerah terpencil dengan milisi mereka, dekat perbatasan utara negara kita. Bahwa kita tidak dapat mempertahankan kedaulatan kita sendiri merupakan sebuah dakwaan terhadap keamanan di negara kita."" Yang lebih memprihatinkan adalah kita telah menciptakan lingkungan di mana masyarakat menjadi sangat putus asa untuk mengambil tindakan ekstrem seperti ini. "
"#,factorycloses,Pabrik Tutup,""Seorang pemberi kerja besar di negara kita baru saja menutup salah satu pabrik mobilnya yang menyebabkan ribuan warganya kehilangan pekerjaan. Penurunan penggunaan mobil dalam populasi kita, serta rendahnya produktivitas tenaga kerja, disebut-sebut sebagai penyebab utama penutupan itu."""
"#,femaleleader,Pemimpin Wanita,""Seorang pemimpin perempuan telah terpilih sebagai ketua oposisi yang baru. Keterwakilan perempuan di tingkat tertinggi pemerintahan adalah hasil dari kampanye berkelanjutan melawan ketidaksetaraan gender di masyarakat kita."""
"#,fgmreportshame,Laporan FGM Memalukan,""Sebuah laporan dari sebuah organisasi internasional terkemuka telah diterbitkan, mengkritik tingginya kejadian mutilasi alat kelamin perempuan di negara kita. Ritual berbahaya ini berakar pada ketidaksetaraan gender, dan sangat menurunkan kesehatan seksual para korban."""
"#,foodscandal,Skandal Makanan, Wartawan TV yang menyamar telah merilis rekaman mengejutkan mengenai kondisi di sejumlah rumah jagal di negara kita. Meskipun hanya sedikit orang yang tidak menyadari bahwa daging yang murah ada harganya, hal ini membuat kita semakin fokus pada kenyataan tentang bagaimana makanan kita diproduksi. Para penggiat makanan organik dan veganisme menyebutnya sebagai titik balik opini publik mengenai masalah ini."""
"#,foodshortages,Kekurangan Pangan,""Bantuan internasional membanjiri negara ini setelah kekurangan pangan yang parah menyebabkan warga kita kelaparan. Kondisi lingkungan yang buruk, dan infrastruktur yang buruk telah menghancurkan produksi dalam negeri kita. Masyarakat kita menderita, jadi suntikan sumber daya untuk melawan kelaparan adalah hal yang paling penting. Selamat datang. Namun, pemerintah kita membutuhkan dukungan eksternal telah dikritik oleh para komentator patriotik."""
"#,foreignneighbournuclearmissiletest,Uji Rudal Nuklir Tetangga Asing, ""Mengembangkan senjata nuklir tetap menjadi tolok ukur relevansi militer global. Sebuah negara tetangga yang isolasionis telah menguji coba rudal dalam program nuklirnya di dekat perbatasan kita."""
"#,formermilitaryleaderssentenced,Mantan Pemimpin Militer Dihukum, ""Para pemimpin militer yang secara aktif menekan kemajuan demokrasi telah dijatuhi hukuman di pengadilan. Mereka adalah orang-orang yang berkuasa, dan sistem peradilan kita dengan berani menegakkan hukum negara kita. Kami telah membuat pernyataan yang kuat: tidak ada seorang pun yang kebal hukum, dan keadilan akan ditegakkan."""
"#,formerspypoisoned,Mantan Mata-mata Keracunan, Seorang mantan mata-mata asing yang mendapat suaka di negara kita telah dibunuh oleh mantan orang yang menangani mereka. Mata-mata itu tiba-tiba jatuh sakit setelah mengunjungi restoran, dan agen musuh memasukkan bahan kimia radioaktif ke dalam minuman mereka. Warga panik karena berpotensi terkena paparan bahan kimia radioaktif tersebut. racun di tempat umum, dan para patriot terkejut bahwa operasi semacam itu dapat dilakukan di dalam negeri."""
"#,fuelshortage, Kekurangan Bahan Bakar,""Pompa bahan bakar di halaman depan garasi negara kita telah kehabisan bahan bakar. Produksi dalam negeri tidak dapat memenuhi permintaan, dan impor bahan bakar telah dibatasi oleh masalah logistik dan tingginya tingkat konsumsi global."""
"#,garbagescam,Penipuan Sampah,""Berton-ton sampah yang dikirim ke luar negeri untuk didaur ulang telah dikembalikan. Kontainer-kontainer tersebut, penuh dengan limbah yang tidak diinginkan dari masyarakat kita, diberi label palsu sebagai plastik yang dapat didaur ulang. Para aktivis lingkungan marah atas kegagalan mendasar program daur ulang di negara kita. Hal ini mempermalukan negara kita menjadi berita utama di seluruh dunia."""
"#,gigeconomypressure,Tekanan Ekonomi Gig, ""Seorang pengemudi ride share telah mengaku bersalah karena menculik penumpangnya untuk menaikkan ongkos, berkendara ke kota lain saat mereka tidur. Di pengadilan, pengemudi tersebut menyebutkan tekanan keuangan sebagai motivasi mereka, karena mereka berjuang untuk membayar tagihan bulanan mereka . Pekerja gig economy menjadi putus asa karena hak dan margin pekerjaan mereka terkikis oleh perusahaan-perusahaan yang mengganggu. "
"#,globalhitdrama, Drama Hit Global, ""Drama periode dalam negeri yang menjadi sensasi global. Lebih dari seratus negara telah membeli hak untuk menyiarkan acara tersebut. Daya tarik massanya telah menarik perhatian televisi di seluruh dunia. Fenomena hiburan ini kini menjadi salah satu ekspor terbesar bangsa."""
"#,governmentshutdown,Penutupan Pemerintah,""Anggaran operasional pemerintah Anda ditahan, dan layanan publik telah ditangguhkan selama sebulan. Kebijakan kontroversial Anda tidak mendapat dukungan luas di badan legislatif, dan kebijakan tersebut menggunakan kekuatan kolektif mereka untuk menolak dana yang diperlukan untuk membayar pegawai negeri. Petugas keamanan, patroli perbatasan, staf penjara, dan pengawas lalu lintas udara hanyalah beberapa dari pekerja tidak berbayar yang harus tinggal di rumah selama berminggu-minggu, sementara Anda mencari solusi politik."""
"#,gravemoveprotests,Protes Penggerakan Kuburan, ""Sisa-sisa tokoh sejarah fasis telah digali dari situs pemakaman mereka yang terkenal di ibu kota, dan dipindahkan ke kuburan terpencil. Kaum sosialis memuji relokasi tersebut, karena babak masa lalu kita ini tidak lagi diagungkan. Sedangkan kaum nasionalis konservatif memprotes intervensi tersebut, dengan menyatakan bahwa tidak mungkin menghapus masa lalu."""
"#,highcorruptioncriticized,Korupsi Tinggi Dikritik,""Sebuah laporan internasional mengkritik tingginya tingkat korupsi di masyarakat kita, menunjukkan bahwa kita adalah salah satu negara paling korup di benua ini. Korupsi merupakan hambatan dalam semua aspek kehidupan, dan menyoroti dampaknya di negara kita. akan diterima secara negatif di dalam dan luar negeri."""
"#,highriseblaze,High Rise Blaze,""Kesalahan peralatan rumah tangga menyebabkan kebakaran mematikan di sebuah blok apartemen bertingkat tinggi, yang dibangun di ibu kota negara kita untuk menampung keluarga berpenghasilan rendah. Kombinasi dari konstruksi bangunan yang buruk, kurangnya penegakan peraturan, dan layanan pemadam kebakaran yang tidak siap , telah mengakibatkan kematian yang mengejutkan negara ini. Pemerintahan Anda telah dikritik secara lebih luas karena semakin melebarnya kesenjangan dalam kesenjangan kekayaan, yang ditandai dengan kurangnya kepedulian terhadap warga negara ini."""
"#,holybuildingburned,Gedung Suci Terbakar,""Sebuah tempat ibadah terkemuka di ibu kota Anda telah diratakan dengan tanah oleh bom api, setelah ketegangan antar kelompok agama yang bersaing meningkat. Pers tidak berbuat banyak untuk meminimalkan dampak buruk hal ini terhadap hubungan ras di negara kita."""
"#,hostagesrescued, Sandera Diselamatkan,""Sandera yang disandera oleh kelompok teroris telah ditemukan dan diselamatkan oleh tentara kami. Meskipun faksi radikal masih aktif di masyarakat kami, kami telah menunjukkan bahwa kami memerangi mereka secara efektif, dan pada akhirnya akan menang."""
"#,housingmarketboom,Booming Pasar Perumahan, ""Harga rumah telah mencapai rekor tertinggi. Ini merupakan indikasi baik bahwa perekonomian kita semakin kuat. Semua orang menghasilkan uang, dan mampu memenuhi aspirasi mereka untuk mengembangkan portofolio properti mereka. Beberapa ekonom hawkish melihat hal ini sebagai gelembung sementara, menunggu untuk meledak, namun sebagian besar membuat jerami selagi matahari bersinar."""
"#,housingmarketcrash, Keruntuhan Pasar Perumahan,""Harga rumah sedang anjlok. Siklus naik dan turunnya pasar yang tampaknya tak terelakkan kembali terjadi. Kepemilikan banyak rumah dan investor asing menaikkan harga hingga melebihi keterjangkauan mereka yang benar-benar membutuhkan tempat berteduh. Kini masyarakat sudah mengalami kemerosotan harga rumah. Pinjaman melebihi nilai rumah mereka, likuiditas dalam penjualan properti telah terhenti, dan semua pasar menderita karena kurangnya kepercayaan."""
"#,hugehurricane,Badai Besar,""Masyarakat telah hancur akibat badai yang sangat besar. Ribuan orang tewas, karena kegagalan pertahanan terhadap bencana alam, dan tanggap darurat yang sangat tidak memadai. Selanjutnya, terjadi banyak pengunduran diri di antara pejabat pemerintah yang bertanggung jawab atas pencegahan atas tragedi ini. Anda secara pribadi telah dikritik karena cara Anda menangani insiden tersebut."""
"#,illegalimmigrationoutcry,Kecaman terhadap Imigrasi Ilegal, ""Pertumbuhan signifikan dalam imigrasi ilegal telah memicu kemarahan di kalangan masyarakat konservatif di negara kita. Ketegangan ras sudah tinggi, dan dengan terus-menerus pelanggaran perbatasan, situasi ini pasti akan mencapai puncaknya."""
"#,internationalcharges,Tuduhan Internasional, ""Pengadilan pidana internasional telah mengajukan tuntutan terhadap Anda atas pembunuhan, pemerkosaan dan deportasi. Tentu saja, Anda menyangkal kejahatan ini, dan menolak untuk mengangkat tuntutan tersebut dengan bertemu dengan para penuduh Anda. Anda yakin bahwa masyarakat akan melihat kebohongan ini begitu saja."""
"#,internationalliteraryaward,Penghargaan Sastra Internasional,""Seorang penulis lokal telah memenangkan penghargaan sastra internasional paling bergengsi untuk novelnya. Ceritanya berlatar di negara kita, dan telah mengangkat profil bangsa di seluruh dunia."""
"#,joiningtheunion, Bergabung dengan Persatuan, ""Bangsa kita telah diterima menjadi organisasi pan-kontinental, yang bertujuan untuk menjamin perdamaian dan kemakmuran di seluruh wilayah serikat. Masih ada warga negara yang ingat berperang dengan beberapa negara tetangga kita, yang negara supernya kita Tentu saja mengorbankan sebagian kekuasaan kedaulatan adalah harga yang pantas dibayar untuk mendapatkan perjanjian perdagangan yang menguntungkan, dan pakta non-agresi untuk mencegah konflik yang membawa bencana di masa depan."""
"#,journalistjailed,Jurnalis Dipenjara,""Seorang jurnalis asing yang meliput dari ibu kota telah dipenjara karena melakukan spionase. Mereka memprotes bahwa mereka tidak bersalah, namun tertangkap bekerja sama dengan pemberontak pembangkang yang ingin menggoyahkan rezim kita. Pers internasional telah bersuara mendukung mata-mata ini, mengkritik kurangnya hak asasi manusia di negara kita."""
"#,journalistreleased,Jurnalis Dibebaskan, ""Seorang jurnalis yang dipenjara karena pembangkangan telah dibebaskan lebih awal setelah memenangkan banding mereka. Kondisi hak asasi manusia telah membaik di negara kita sejak penahanan mereka, dan pembebasan mereka telah diterima dengan baik baik di dalam negeri maupun di luar negeri."""
"#,judgemartyr,Hakim Martir, ""Seorang hakim membawa senjata ke ruang sidang dan menembak dirinya sendiri di dada. Tindakan mati syahid ini merupakan protes atas korupsi pemerintah Anda, dan campur tangan terang-terangan terhadap sistem peradilan."""
"#,landacquisitionscandal,Skandal Pembebasan Tanah,'Sebuah usulan proyek infrastruktur bersama dengan pemerintah asing telah ditangguhkan. Hal ini disebabkan adanya kasus pengadilan yang diajukan terhadap perusahaan konstruksi yang terlibat, mengenai legalitas pembelian tanah mereka. Tampaknya warga diusir secara paksa dari rumah mereka. rumah tanpa kompensasi yang sesuai, sementara para pejabat menyedot uang publik dari proyek tersebut."""
"#,leaderdiessuddenly,Pemimpin Meninggal Mendadak,""Pemimpin pemerintahan tiba-tiba dan tidak terduga meninggal. Mereka menderita serangan jantung hebat, yang tidak pernah sembuh. Anda, pemimpin sementara, telah menggantikan mereka sampai pemilu dapat diadakan."""
"#,leavingtheunion,Meninggalkan Persatuan, ""Anda mewarisi hasil referendum dari pemerintahan sebelumnya, dan kemauan rakyat harus dipatuhi. Negara ini terpecah menjadi dua mengenai apakah akan tetap berserikat dengan negara-negara tetangga dagang kita. Dengan margin yang paling kecil, Partai Para pemilih memilih untuk meninggalkan negara super tersebut. Undang-undang, konstitusi, dan pasar kita begitu terikat dengan serikat pekerja, sehingga keluar dari negara tersebut tampaknya merupakan tugas birokrasi yang mustahil. Namun, apa yang dimaksud dengan cuti tidak didefinisikan secara jelas, sehingga hal ini mungkin merupakan sebuah peluang untuk merebut bagi dunia politik."""
"#,lowcorruptionpraised,Rendah Korupsi Dipuji,""Sebuah laporan internasional memuji rendahnya tingkat korupsi di masyarakat kita, yang menunjukkan bahwa negara ini adalah salah satu negara yang paling sedikit korupsinya di benua ini. Dalam lingkungan ini bisnis dapat berkembang, dan masyarakat kita mampu berusaha untuk memperbaiki diri tanpa hambatan. Komunitas internasional dapat merasa yakin bahwa investasi mereka di negara kita akan digunakan secara efisien, sesuai tujuan yang diharapkan. "
"#,martyrdies,Martir Meninggal,""Dalam aksi demonstrasi ekstrem, memprotes pemerintah, seorang warga negara membakar diri mereka di ibu kota negara. Mereka tidak selamat dari luka-luka mereka, dan kemartiran mereka telah mengilhami gelombang pembangkangan sipil yang telah mengguncang negara. ."""
"#,masssentencing,Hukuman Massal, ""Ratusan tahanan telah dijatuhi hukuman dalam satu sidang, melanggar standar internasional untuk peradilan yang adil. Fakta-fakta dari kasus masing-masing individu tidak mungkin dipertimbangkan dengan baik selama parodi keadilan ini."""
"#,migrantsdieintruck,Migran Meninggal di Truk,""Puluhan mayat ditemukan di bagian belakang truk komersial di perbatasan kami. Para korban yang mati lemas telah diidentifikasi sebagai migran asing yang meninggal saat mencoba mencapai negara kami. Kesalahan atas tragedi ini diarahkan pada pemerintah, karena tidak melakukan patroli perbatasan secara efektif, dan karena situasi kronis yang tidak mengizinkan orang-orang yang putus asa untuk memasuki negara kami secara sah."""
"#,militarycontractscandal,Skandal Kontrak Militer,""Penyelidikan telah diluncurkan setelah korupsi yang dilembagakan di militer kita terungkap oleh sebuah surat kabar nasional. Kontrak pengadaan yang dipalsukan telah digunakan untuk menyedot sejumlah besar uang negara ke rekening bank pribadi."""
"#,minerskilled,Penambang Terbunuh,""Sebuah gua di sebuah tambang mineral telah menewaskan puluhan penambang. Investigasi sedang dilakukan terhadap standar kesehatan dan keselamatan di fasilitas tersebut, namun hal ini dianggap terlalu sedikit, terlalu terlambat oleh masyarakat."""
"#,multinationalcompanyheadquarters,Kantor Pusat Perusahaan Multinasional, ""Sebuah perusahaan multinasional besar telah memutuskan untuk membangun kantor pusat regionalnya di negara kita. Pasar tenaga kerja yang menguntungkan, tingkat pendidikan yang baik, dan rezim yang stabil semuanya berkontribusi pada keputusan mereka. Hal ini berarti peningkatan lapangan kerja dan perekonomian kita. """
"#,nationalcyberattack,Serangan Siber Nasional, ""Sistem komputer inti negara kita telah terkena serangan siber besar-besaran. Bank, outlet media, dan situs web pemerintah semuanya menjadi sasaran botnet asing yang sangat besar, membuat server kewalahan dengan jumlah permintaan daring yang luar biasa banyaknya. Jelas bahwa ini merupakan sebuah peristiwa bersejarah. agresor berada di balik serangan itu, membuat marah para patriot."""
"#,nationalsportsstarsgaggedbyforeignpower,Bintang Olahraga Nasional Disumpal oleh Kekuatan Asing, ""Ketika olahraga adalah sebuah bisnis, para atlet perlu memeriksa kontrak mereka sebelum mengutarakan pendapat mereka. Permintaan maaf yang mendalam disampaikan kepada negara adidaya asing yang mengambil pengecualian atas dukungan yang disuarakan untuk gerakan protes di negara mereka. """
"#,nationalteambanned,Tim Nasional Dilarang,""Tim sepak bola nasional kami telah dilarang mengikuti semua kompetisi karena membuat pernyataan rasis tentang lawan mereka. Ketegangan rasial sangat tinggi di masyarakat kami, dan hukuman yang sangat nyata ini menyoroti masalah sosial kami yang memalukan."""
"#,nationalteamdefects,Cacat Tim Nasional,""Tim sepak bola nasional menolak untuk kembali dari turnamen internasional. Mereka mencari suaka di negara tuan rumah turnamen, mengklaim hidup mereka akan dalam bahaya jika mereka kembali ke rumah. Ini memalukan internasional, menyoroti kami permasalahan masyarakat yang luas. "
"#,nationalteamexitsworldcup,Tim Nasional Tersingkir dari Piala Dunia,""Tim sepak bola nasional tersingkir dari piala dunia lebih awal dari yang diharapkan. Masyarakat kita tidak dapat menahan kekecewaan mereka. Para pemain telah banyak dikritik di media, dan ada perasaan suram di seluruh dunia. Bagaimana kita bisa mempunyai aspirasi untuk menjadi pemimpin global, ketika kita bahkan tidak bisa menurunkan tim olahraga yang kompetitif?"""
"#,nationalteamwinsworldcup,Tim Nasional Juara Piala Dunia,""Tim sepak bola nasional telah memenangkan piala dunia, menyenangkan para penggemar di seluruh negeri. Ini mungkin tidak membawa manfaat nyata dalam jangka panjang, namun gelombang niat baik dari masyarakat kami sangat disambut baik."""
"#,nativespeciesextinct,Spesies Asli Punah,""Spesies hewan asli yang sangat terlihat telah dinyatakan punah. Erosi habitat alami mereka dan perburuan liar menjadi penyebabnya. Ketidakmampuan pemerintah untuk melindungi sumber daya alam negara kita telah membuat marah para pecinta lingkungan hidup."""
"#,naturallyentertaining,Menghibur Secara Alami,""Para naturalis terkenal di negara kita telah melakukannya lagi. Serial video dokumenter terbaru mereka sukses besar secara global, meningkatkan profil isu-isu ekologi global yang paling mendesak. Bahwa seluruh dunia mengidentifikasi negara kita dengan rilis ini juga meningkatkan profil kami sendiri. Terdapat peningkatan yang signifikan dalam keanggotaan kelompok lingkungan hidup."""
"#,newlyindustrializedcountrystatus,Status Negara Industri Baru,""Negara kita telah diklasifikasikan sebagai Negara Industri Baru oleh para ekonom global. Hal ini merupakan pengakuan atas kepemimpinan politik kita yang kuat, pertumbuhan manufaktur, urbanisasi, dan perdagangan bebas."""
#,nobelpeaceprize,Hadiah Nobel Perdamaian, Mereka yang dipandang berperan penting dalam mempromosikan demokrasi di dalam dan luar negeri telah dianugerahi Hadiah Nobel untuk perdamaian. Hal ini merupakan dukungan kuat masyarakat internasional terhadap rezim demokrasi kita.
"#,olympichosts, Tuan Rumah Olimpiade, ""Tidak ada yang lebih baik dari kepemimpinan internasional selain keberhasilan menjadi tuan rumah pertandingan Olimpiade, dan Olimpiade kita berjalan tanpa hambatan. Menyesuaikan dengan pesan sumpah Olimpiade tentang permainan yang adil dan kehormatan di hadapan khalayak global yang luas adalah hal yang sepadan dengan biaya yang dikeluarkan , berpolitik dan berjabat tangan. Anda yakin para atlet juga menikmatinya."""
"#,openlygayleader,Pemimpin Gay Secara Terbuka, ""Seorang politisi gay yang terbuka telah terpilih sebagai pemimpin oposisi. Keterwakilan di tingkat tertinggi pemerintahan adalah hasil dari kampanye berkelanjutan melawan diskriminasi seksualitas di masyarakat kita."""
"#,oppositionmembersstagewalkout,Anggota Oposisi Melakukan Walkout,""Anggota oposisi di badan legislatif melakukan walkout sebagai protes terhadap terhambatnya proses demokrasi oleh pemerintah. Demokrasi tidak akan bisa berjalan sempurna tanpa partisipasi oposisi."""
"#,oppositionplanswithdrawal,Oposisi Merencanakan Penarikan, ""Beberapa partai oposisi telah menyatakan bahwa mereka akan menarik perwakilan mereka dari tempat pemungutan suara pada pemilu mendatang, sebagai protes atas dugaan pelanggaran pemilu yang bersejarah. Mereka akan menyebut hal ini sebagai alasan kekalahan mereka, dan tindakan mereka telah memicu aktivis politik menjadi gila."""
"#,parkrangerkilled,Penjaga Taman Dibunuh,""Seorang penjaga taman yang mengganggu sekelompok pemburu bersenjata terbunuh saat menjalankan tugas hari ini. Nilai spesies yang terancam punah di pasar gelap membuat para pemburu liar kini rela melakukan pembunuhan."""
"#,pipelineprotests,Protes Jalur Pipa,""Pembangunan jalur pipa minyak telah memicu protes sengit, karena jalur tersebut melintasi lahan milik komunitas penduduk asli. Mereka sangat menentang dampak lingkungan, dan telah menarik perhatian dan dukungan internasional dari seluruh dunia."""
"#,planecrash,Kecelakaan Pesawat,""Sebuah pesawat milik maskapai nasional jatuh, menewaskan semua penumpangnya. Perawatan yang buruk disebut-sebut sebagai penyebab kegagalan sistem di dalam pesawat, dan pemerintah menyalahkan rendahnya standar keselamatan."""
"#,poachersconvicted,Pemburu Dihukum,""Pemburu yang ditangkap oleh penjaga taman telah diadili dan dihukum. Dedikasi penjaga hutan kami untuk melindungi lingkungan alam kita patut dipuji, dan mereka tidak dapat melakukan penangkapan ini tanpa sumber daya penting yang disediakan oleh pemerintah. Namun, aktivitas perburuan liar adalah salah satu gejalanya kemiskinan di masyarakat kita, dan bukankah lebih baik jika kita menghilangkan akar permasalahannya? "
"#,policeshooting,Penembakan Polisi,""Seorang warga negara yang tidak bersenjata tewas dalam penembakan polisi. Korbannya adalah ras minoritas, sehingga memicu kemarahan di komunitas mereka. Pendukung Partai Liberal telah mendukung kampanye keadilan sosial untuk mengakhiri kekerasan polisi yang diskriminatif."""
"#,politicalrelationshipdowngraded,Hubungan Politik Diturunkan,""Seorang mitra dagang utama telah menurunkan peringkat hubungan politiknya dengan negara kita. Ini adalah langkah drastis yang diakibatkan oleh memburuknya hubungan luar negeri antar negara. Perdagangan luar negeri dan investasi akan menderita, dengan sebagian besar kegiatan ekonomi ini ditarik ."""
"#,politicalrelationshipupgraded,Hubungan Politik Ditingkatkan,""Mitra dagang utama telah meningkatkan hubungan politik mereka dengan negara kita. Seiring dengan berkembangnya hubungan antara negara-negara kita, perdagangan luar negeri dan investasi juga meningkat. Peningkatan politik formal ini akan memberikan dorongan lebih lanjut pada kegiatan ekonomi ini."""
"#,protesterskilled,Pengunjuk Rasa Dibunuh,""Puluhan pengunjuk rasa telah dibunuh oleh polisi bersenjata selama demonstrasi politik. Tidak peduli legalitas unjuk rasa tersebut, penindasan brutal ini sangat tidak demokratis, menuai kecaman baik dari masyarakat maupun komunitas internasional. Kerusuhan sipil lebih lanjut pasti akan menyusul ."""
"#,quantumcomputing,Komputasi Kuantum,""Sebuah perusahaan teknologi dalam negeri telah mengumumkan era baru teknologi komputer. Pemroses kuantum menggunakan prinsip-prinsip ilmiah abstrak untuk melakukan banyak perhitungan secara bersamaan. Tugas-tugas yang membutuhkan waktu ribuan tahun bagi komputer konvensional kini dapat diselesaikan dalam hitungan menit. Kepemimpinan pasar di sektor teknologi tampaknya terjamin bagi negara kita."""
"#,regionalwar,Perang Regional,""Perang telah pecah di negara tetangga, menyebabkan ketegangan di sepanjang perbatasan kita dengan mereka. Kita melihat masuknya pengungsi, serta perdagangan terhenti. Ada juga kekhawatiran bahwa konflik dalam jarak yang begitu dekat akan mengurangi dampak buruknya. stabilitas negara kita sendiri."""
"#,resourcesobsolete,Sumber Daya Usang,""Permintaan global telah menurun terhadap mineral yang diekstrak dari tambang nasional kita. Alternatif yang lebih baik telah ditemukan untuk menggantikan sumber daya kita dalam proses manufaktur. Satu-satunya cara untuk memberi insentif pada penggunaannya adalah dengan memangkas harga, dan juga pendapatan."""
"#,richestcompanypaysnotax,Perusahaan Terkaya Tidak Membayar Pajak,""Perusahaan multinasional terkaya di dunia tidak membayar pajak kepada kita tahun ini, meskipun telah menghasilkan miliaran pendapatan di negara kita. Dengan menggunakan praktik akuntansi eksploitatif terbaik dan surga pajak luar negeri yang dapat dibeli dengan uang, perusahaan ini adalah memastikan tidak ada seorang pun yang dapat bersaing, sambil menipu pemerintah kita untuk mendapatkan dana publik yang sangat dibutuhkan. Kaum sosialis sangat marah, dan para patriot tidak percaya bahwa negara besar kita tidak mampu menarik pajak dari entitas asing ini."""
"#,royalbaby, Bayi Bangsawan, ""Bagi kaum royalis, pemikiran tentang suksesi. Untuk semua orang, foto bayi yang lucu. Ketika calon raja lahir dalam keluarga kerajaan negara kita, selalu ada sesuatu untuk semua orang. Ya, setidaknya sesuatu untuk cukup pemilih sehingga kita bisa melewati hal rumit itu undang-undang tanpa terlalu banyak liputan pers. Tersenyumlah di depan kamera, Yang Mulia."""
"#,royalwedding, Pernikahan Kerajaan, ""Mungkin ada beberapa argumen mengenai laba atas investasi di keluarga kerajaan negara kita. Namun, ketika Anda ingin para pemilih teralihkan, Anda dapat mengandalkan liputan media ketika ada pernikahan kerajaan. Mari kita tidak membicarakan tentang hal itu. berapa biaya acaranya, lagipula ini adalah hari istimewa mereka."""
"#,schoolgirlskidnapped,Siswi Diculik,""Ratusan siswi diculik oleh teroris dari sekolah negeri. Para ekstremis telah mengacaukan wilayah negara kami di mana penculikan terjadi karena kampanye berkepanjangan melawan pemerintahan kami. Sumber daya keamanan kami tidak cukup untuk mengambil kembali kendali dan menyelamatkan para siswi."""
"#,schoolshooting,Penembakan di Sekolah,""Tragedi nasional telah terjadi. Seorang pria bersenjata memasuki halaman sekolah dan membunuh puluhan siswa dan staf. Tanpa afiliasi dengan kelompok radikal yang diketahui, hampir mustahil bagi dinas keamanan untuk mencegah dan mencegah penembakan seperti ini. Akses penggunaan senjata api dan kurangnya penyediaan layanan kesehatan mental telah membuktikan kombinasi yang mematikan lagi."""
"#,scientificbreakthrough,Terobosan Ilmiah, ""Ilmu baterai baru telah dikembangkan di negara kita yang akan mengubah cara mesin-mesin di dunia diberi daya. Dengan kepadatan kapasitas dua kali lipat, produk-produk yang sudah ada dapat didesain ulang dengan sel yang lebih kecil, dan produk-produk bertenaga baterai yang baru, yang sebelumnya mustahil dapat diciptakan Kemampuan pemerintah kita untuk mendidik ilmuwan dalam negeri dan menarik talenta luar negeri telah membuahkan hasil. "
"#,sexualassault,Pelecehan Seksual, ""Ada kemarahan nasional ketika penyerangan seksual terhadap perempuan di angkutan umum diberitakan secara luas. Kejahatan dengan kekerasan terhadap perempuan adalah hal yang menjijikkan. Pemerkosaan yang dapat dilakukan di depan umum tanpa campur tangan siapapun merupakan dakwaan yang memberatkan masyarakat kita. Para pemilih menuntut agar pelanggaran hukum dan ketidaksetaraan gender ditangani oleh pemerintah."""
"#,shareipocancelled,IPO Saham Dibatalkan,""Sebuah perusahaan terkenal telah membatalkan debut pasar sahamnya, memilih untuk menunda IPO-nya. Ini adalah contoh lain yang mengkhawatirkan dari tren yang lebih luas dari perusahaan-perusahaan yang pencatatan saham publiknya mengalami masalah. Investor, yang sebelumnya putus asa untuk menempatkan modal pada saham-saham yang sedang tumbuh, kini mempertanyakan penilaian perusahaan-perusahaan yang belum menghasilkan keuntungan. Kekhawatiran terhadap pertumbuhan ekonomi global merugikan prospek perusahaan-perusahaan ini untuk memperoleh keuntungan."""
"#,shareiposuccess,Bagikan Kesuksesan IPO,""Kisah sukses startup teknologi terbaru di negara kita telah mencatatkan diri secara publik di bursa saham nasional. Para investor sangat ingin membeli perusahaan terbaru yang akan mendisrupsi pasar tradisional, dan melihat harga saham naik pada hari pertama perdagangan. Ini adalah indikasi besar mengenai tingkat keahlian teknologi dalam angkatan kerja kita, dan lingkungan perdagangan yang sehat."""
"#,socialmedia,Media Sosial?,""Investigasi sedang dilakukan terhadap sebuah perusahaan analisis data, yang telah secara menipu mengumpulkan data pribadi jutaan warga melalui platform media sosial. Pengguna mengira mereka sedang mengikuti kuis yang menyenangkan, namun akhirnya diprofilkan dan dipengaruhi oleh iklan yang ditargetkan pada pemilu lalu."""
"#,socialstupidity,Kebodohan Sosial,""Makan sachet deterjen... Anak-anak mungkin dimaafkan jika mengonsumsi sabun yang bentuknya manis, namun aktivitas berbahaya ini telah menjadi viral di kalangan remaja, ketika pengguna media sosial saling menantang untuk mengunyah racun tersebut. Itu adalah tindakan kita generasi muda bisa bertindak sangat tidak bertanggung jawab dan ini merupakan hal yang memalukan secara nasional, dengan adanya seruan untuk memfokuskan kembali sumber daya kita pada pendidikan."""
"#,spousescandal,Skandal Pasangan, ""Pasangan Anda dilaporkan naik jet pribadi untuk pergi berbelanja ke luar negeri. Sebagai pemimpin pemerintahan, penyalahgunaan kekuasaan yang mencolok ini tidak akan diterima dengan baik oleh para pemilih."""
"#,statevisitcancelled,Kunjungan Kenegaraan Dibatalkan,""Seorang kepala negara asing telah membatalkan kunjungan resminya ke negara kita. Mereka menyalahkan ketidakstabilan regional dan masalah keamanan atas pembatalan tersebut. Penghinaan ini membuat Anda tampak lemah, mempertanyakan kemampuan pemerintah kita untuk menjaga ketertiban."""
"#,stickingupfortheenvironment,Berpegang teguh pada Lingkungan,""Seorang pengunjuk rasa lingkungan hidup telah melanggar keamanan bandara, dan menempelkan diri mereka pada pesawat terbang. Penerbangan tidak dapat lepas landas, dan terjadi gangguan luas di bandara ibu kota."""
"#,stormdestroysrailway,Badai Menghancurkan Rel Kereta Api, ""Sebuah jalur kereta api utama telah hancur akibat badai dahsyat. Pertahanan lingkungan tidak cukup untuk melindungi infrastruktur inti kita, hal ini menunjukkan kurangnya investasi yang memalukan dari pemerintah kita, dan kurangnya pengawasan."""
"#,terrorattack,Serangan Teror,""Ibukota negara kita telah berubah menjadi zona perang, dengan serangkaian serangan teroris yang terkoordinasi. Pelaku bom bunuh diri membuat orang-orang yang tidak bersalah terjebak dalam tembakan para penembak, menunggu mereka melarikan diri dari ledakan. Ratusan warga yang tidak bersalah telah meninggal dunia, dan Anda tidak punya pilihan selain mengumumkan keadaan darurat di seluruh negeri untuk memerangi terorisme. Kebebasan sipil telah ditangguhkan, sampai keselamatan para pemilih terjamin."""
"#,terroristleaderkilled,Pemimpin Teroris Dibunuh,""Pemimpin sel teroris telah terbunuh dalam serangan pesawat tak berawak yang diatur oleh militer kita. Mereka berlindung di negara yang bersimpati, terlibat dalam membiarkan faksi radikal mereka merencanakan dan melakukan serangan teror terhadap warga negara kita. Meskipun demikian adalah hari besar bagi kelanjutan keamanan dan kebebasan negara kami, ada pihak-pihak yang menganggap metode kami bersifat imperialis."""
"#,tinderbox,Kotak Sumbu, ""Angin kencang mematikan jaringan listrik tahun lalu, yang merupakan penyebab kebakaran hutan terburuk dalam sejarah. Dengan prakiraan akan terjadi badai, pembangkit listrik telah merencanakan pemadaman listrik untuk mencegah kebakaran lagi."""
"#,touristkilledinanimalattack,Turis Tewas Dalam Serangan Hewan,""Seorang turis terbunuh setelah diserang oleh binatang buas. Dengan banyaknya wisatawan yang berdekatan dengan satwa liar di negara kita, mencegah semua kejadian serangan adalah hal yang mustahil. Namun, berita seperti ini hanya dapat merugikan industri pariwisata."""
"#,touristmurdered,Turis Dibunuh,""Seorang turis dibunuh dalam sebuah penjambretan. Kisah ini telah diberitakan secara luas di media internasional, menyoroti masalah-masalah sosial negara kita. Industri pariwisata kita yang menguntungkan adalah korban ekonomi terbaru dari tingginya tingkat kejahatan di negara kita."""
"#,tradedispute,Sengketa Dagang,""Perang dagang besar telah pecah antara dua negara dengan perekonomian terbesar di dunia, dan sayangnya kita pasti akan terjebak dalam baku tembak tersebut. Perang tarif ini sebagian besar bertujuan untuk kepentingan politik dalam negeri, namun tetap akan berdampak pada ekspor kita, dan menaikkan harga impor pangan kita."""
"#,undermined,Diremehkan, ""Salah satu industri ekstraksi utama kita sedang dilemahkan oleh pesaing asing, sehingga menjatuhkan harga komoditas. Cadangan modal pesaing yang besar dapat menyerap kerugian yang mereka alami dengan mensubsidi produksi."""
"#,unitednationssecretary_general,Sekretaris Jenderal Perserikatan Bangsa-Bangsa,""Salah satu diplomat terkemuka kami telah ditunjuk sebagai Sekretaris Jenderal Perserikatan Bangsa-Bangsa. Mereka akan menjadi juru bicara dan pemimpin organisasi global yang kuat ini, dan bertindak sebagai moderator dunia."""
"#,women_smarch,Pawai Wanita, ""Perempuan telah membanjiri ibu kota untuk melakukan demonstrasi menentang ketidaksetaraan gender. Perempuan kurang terwakili, kurang dihargai, dan dibayar rendah di negara kita. Perempuan yang berjumlah separuh dari seluruh pemilih, merupakan demografi yang berbahaya jika didorong untuk melakukan aksi politik."""
"#,worldheritagesite,Situs Warisan Dunia,""Sebuah badan internasional telah menganugerahkan sebuah landmark di negara kita dengan status warisan dunia. Penghargaan ini diperuntukkan bagi situs-situs yang memiliki nilai budaya, sejarah, dan ilmu pengetahuan yang signifikan bagi kepentingan umat manusia. Lokasi khusus kami sekarang akan dilindungi secara hukum oleh lembaga internasional. perjanjian, dan kami mengharapkan peningkatan besar dalam pariwisata, seiring dunia mengunjungi keajaiban kami."""
"#,xenophobicattacks,Serangan Xenofobia,""Para perusuh telah menyerang pemilik toko asing ketika melakukan protes terhadap pekerja imigran yang mengambil kesempatan kerja. Orang asing mencari perlindungan dari para pengunjuk rasa di tempat ibadah dan kantor polisi. Xenofobia terhadap migran akan terus berlanjut, karena tingkat pengangguran menyebabkan kemarahan yang meluas."""
"#,youngbutnotsodumb,Muda Tapi Tidak Begitu Bodoh,""Para pelajar berkumpul untuk memprotes anggapan bahwa pemerintah Anda adalah umpan dan perubahan. Anda berkampanye pada platform kesetaraan dan keadilan sosial untuk segala usia, namun gagal menenangkan generasi muda."""
"#,CreditRatingDowngraded,Peringkat kredit diturunkan!,""Lembaga kredit internasional besar telah menurunkan status utang pemerintah Anda. Hal ini kemungkinan besar akan berdampak pada PDB karena perusahaan asing menjadi ragu untuk berinvestasi di perekonomian kita, dan hal ini juga akan mengakibatkan penurunan peringkat utang pemerintah. tingkat bunga yang kita bayarkan atas utang kita meningkat. Ada kemungkinan besar hal ini juga akan mengecewakan para pemilih kapitalis kita. Anda harus mengambil tindakan untuk mendapatkan kembali kredibilitas di mata lembaga pemeringkat dengan mengurangi tingkat utang Anda sesegera mungkin. Peringkat Kredit Anda saat ini adalah '<CREDITRATING>'"""
"#,CreditRatingUpgraded,Peringkat kredit ditingkatkan!,""Lembaga kredit internasional utama telah meningkatkan kelayakan kredit pemerintah Anda. Ini adalah berita bagus! Hal ini akan menghasilkan suku bunga yang lebih rendah untuk utang kita, dan juga dapat menghasilkan peningkatan PDB dari tingkat yang lebih tinggi. kepercayaan investor asing. Berita ini kemungkinan juga akan menyenangkan para pemilih kapitalis. Peringkat Kredit Anda saat ini adalah '<CREDITRATING>'"""
"#,FailedCapitalistAssassination,Upaya Pembunuhan yang Gagal!,""Agen dinas rahasia hari ini menyelamatkan Anda dari upaya yang sangat terorganisir untuk membunuh Anda. Seorang penembak jitu, dengan senapan berteknologi tinggi ditangkap hanya 200 kaki dari tempat Anda berencana bertemu dengan beberapa guru di upacara pembukaan sekolah Pembunuh tersebut telah mengkonfirmasi kecurigaan dinas intelijen bahwa ia dipekerjakan oleh kelompok rahasia industrialis hiper kaya yang dikenal sebagai 'Persona Non Grata'. Tampaknya ada sejumlah kapitalis ekstremis yang menginginkan Anda mati, dan pemerintahan Anda keluar dari jabatannya . Hati-hati."""
"#,FailedConservativeAssassination,Upaya Pembunuhan yang Gagal!,""'Sepertinya sayap ekstremis dari 'Pasukan Penegak Moral' yang konservatif telah mengambil tindakan sendiri untuk melenyapkan Anda sebagai kepala pemerintahan. Tampaknya kelompok sempalan ini dikenal sebagai 'Brigade Pemurnian Moral' dan ceroboh saat ini. upaya pembunuhan tidak akan menjadi yang terakhir. Anda harus benar-benar mengguncang kelompok konservatif untuk mendorong mereka mengambil tindakan seperti ini."""
"#,FailedEthnicAssassination,Upaya Pembunuhan yang Gagal!,""Anda terbangun dalam kepanikan pagi ini oleh berita bahwa ekstremis bersenjata telah melakukan upaya pembunuhan terhadap Anda. Sekelompok pengunjuk rasa anti-pemerintah bersenjata, yang mengaku berasal dari 'Pasukan Merah Darah' menembaki pemerintah bangunan pagi ini, memecahkan jendela dan melukai beberapa staf, namun untungnya tidak menimbulkan korban jiwa. Kelompok tersebut menuduh pemerintah melakukan rasisme, dan mengatakan bahwa mereka mewakili kemarahan etnis minoritas di negara ini. Kita harus waspada terhadap potensi serangan serupa di masa depan."""
"#,FailedFarmersAssassination,Upaya Pembunuhan yang Gagal!,""Pada pukul 10.21 hari ini petugas keamanan kami menangkap seorang pria yang mencoba masuk ke konferensi pers dengan membawa senapan. Tampaknya dia berasal dari 'Aliansi Pembebasan Agraria', sebuah kelompok ekstremis yang dibentuk untuk melawan kebijakan pemerintah di bidang pertanian. Pasukan keamanan telah mengawasi organisasi ini selama beberapa waktu, dan jelas bahwa selama kebijakan pemerintah tidak berubah, kita akan menghadapi lebih banyak serangan seperti ini. Kali ini, kita beruntung."""
"#,FailedGreenAssassination,Percobaan Pembunuhan!,""Telah terjadi upaya pembunuhan yang gagal oleh kelompok Teroris Hijau yang dikenal sebagai 'Penegak Keadilan Bumi'. Anda beruntung karena anggota pasukan intelijen Anda yang pemberani berhasil mencegat mereka tepat waktu. Di masa depan, kami mungkin tidak akan melakukannya. sangat beruntung, jadi Anda mungkin ingin meninjau langkah-langkah keamanan. Ini adalah kelompok kecil teroris lingkungan, namun semakin kita membuat marah gerakan lingkungan yang lebih luas, semakin banyak serangan seperti ini yang akan kita perkirakan."""
"#,FailedLiberalAssassination,Upaya Pembunuhan yang Gagal!,""Maaf karena memaksa Anda keluar dari gedung dengan tergesa-gesa, tetapi ledakan itu adalah upaya pembunuhan terhadap Anda yang dilakukan oleh kelompok sempalan ekstremis liberal yang dikenal sebagai 'Organisasi Revolusioner Liberal'. Mereka tampaknya cukup marah terhadap Anda perlakuan pemerintah terhadap isu-isu liberal untuk mencoba menghancurkan Anda. Syukurlah dinas keamanan kami berhasil menemukan bom tersebut sebelum meledak. Kami mungkin tidak seberuntung itu di lain waktu."""
"#,FailedPatrioticAssassination,Percobaan Pembunuhan yang Gagal!,""Tembakan yang Anda dengar dalam pertemuan pagi ini bukanlah latihan, melainkan upaya nyata untuk membunuh Anda oleh sekelompok teroris bersenjata lengkap yang menamakan diri mereka 'Laskar Bangsa Perkasa'. Tampaknya, semacam ultra-patriotik organisasi paramiliter, mereka baru-baru ini menjadi semakin agresif dalam mengkritik pemerintah. Hari ini, kami berhasil menangkap mereka sebelum mereka mendekat. Kami mungkin tidak seberuntung itu di lain waktu."""
"#,FailedReligiousAssassination,Upaya Pembunuhan yang Gagal!,""Layanan rahasia mendapatkan bayarannya hari ini, ketika mereka menangkap satu mobil penuh berisi orang-orang yang tampaknya adalah orang-orang fanatik agama yang merencanakan serangan terhadap Anda dan kabinet. Sebuah van, berisi bahan peledak, dan senjata ringan dihentikan oleh polisi kami yang waspada , setelah intelijen dicegat oleh personel keamanan kami. Tampaknya ada sejumlah ekstremis agama yang bertekad untuk menggulingkan pemerintahan saat ini. Kelompok ini menyebut diri mereka 'Kelompok Sinar Kebenaran'."""
"#,FailedSocialistAssassination,Upaya Pembunuhan yang Gagal!,""Sebelumnya hari ini, personel dinas rahasia kami yang luar biasa menangkap lima pria bersenjata yang berkumpul di markas besar pemerintah yang tampaknya memiliki rencana untuk membunuh Anda. Kami saat ini sedang menginterogasi orang-orang tersebut, tetapi sejauh ini yang kami tahu hanyalah bahwa mereka adalah bagian dari sebuah gerakan sayap kiri ekstrem yang disebut 'Aliansi Kerakyatan Proletar'. Jika bukan karena anak-anak pemberani kami di dinas keamanan, Anda pasti berada di kamar mayat sekarang, Pak..."""
"#,GainNewDonor,Donor Partai Besar Baru!,""Upaya penggalangan dana Anda telah berhasil menarik individu kaya baru untuk menyumbang dana kampanye Anda di masa depan. Pastikan Anda membuat donatur ini senang, dan perhatikan kelompok yang mereka simpati. Jika donatur tidak senang, ada kemungkinan besar Anda akan kehilangan dukungan keuangan penting mereka."""
"#,LoseDonor,Pesta Pengabaian Donor Besar!,""Sepertinya Anda tidak memperhatikan pendapat para pendukung keuangan utama kami. Salah satu donatur kaya kami baru saja menghentikan dukungannya terhadap partai kami. Hal ini mungkin berdampak pada kemampuan kita untuk berkampanye secara efektif kecuali kita dapat menemukan donor pengganti (dan mempertahankan mereka...)"""
"#,_MinisterialResignation,Pengunduran Diri Menteri,""Salah satu menteri Anda sudah cukup bertugas di pemerintahan Anda dan mengundurkan diri untuk 'menghabiskan lebih banyak waktu bersama keluarga mereka'. Anda harus mencari seseorang yang cocok untuk menggantikannya sesegera mungkin."""
"#,socialmediascandal,Skandal Media Sosial, ""Investigasi telah mengungkap penyalahgunaan privasi yang mengejutkan oleh perusahaan teknologi terkemuka di balik situs media sosial populer. Kurangnya perlindungan privasi dan penegakan hukum yang layak berarti perusahaan teknologi dengan bebas mengambil sejumlah besar informasi pribadi yang kemudian dijual kepada penawar tertinggi. Ini adalah contoh sempurna dari salah satu bahaya gaya hidup kita yang selalu terhubung. Tentu saja, para penggiat privasi akan marah karena Anda membiarkan hal ini terjadi."""
"#,tsunami,Tsunami!,""Tsunami dahsyat telah melanda garis pantai kita. Meskipun kita bersiap menghadapi kejadian seperti itu, mustahil untuk mencegah semua korban jiwa dan kerusakan. Kehancuran terhadap kota-kota pesisir dan industri perikanan kita sangat parah dan akan menjadi pukulan besar bagi perekonomian kita ."""
"#,earthquake,Gempa bumi!,""Gempa bumi telah melanda negara kita. Meskipun untungnya jumlah korban jiwa cukup rendah, hal ini akan berdampak nyata pada perekonomian kita karena dunia usaha memerlukan waktu untuk membangun kembali dan memperbaiki kerusakan."""
"#,falklands,Argentina menanam bendera, ""Perselisihan yang sudah berlangsung lama mengenai kepemilikan Kepulauan Falkland telah dipicu kembali oleh Argentina, yang mengklaim kepulauan tersebut sebagai 'lslas Malvinas'. Tentara Argentina mendarat dan mengibarkan bendera, dan setelah pidato singkat di TV , lalu mundur, namun ini adalah tanda yang mengkhawatirkan bahwa pemerintah Argentina merasa kami mungkin tidak dapat mempertahankan kepulauan tersebut untuk kedua kalinya jika mereka mencoba melakukan invasi lagi."""
"#,russianships,Kapal-kapal Rusia mendekat, ""Dalam upaya yang semakin terang-terangan untuk mengintimidasi dan menguji pertahanan kita, kapal dan pesawat angkatan laut Rusia telah mendekat sangat dekat dengan perbatasan kita, sehingga mengharuskan kita untuk mengacak-acak pertahanan kita. Hal ini menunjukkan bahwa kemampuan militer kita tidak dianggap sebagai alat pencegah."" saat sekarang."""
"#,heatwave,Gelombang Panas,""Seiring dengan meningkatnya suhu global, cuaca kita menjadi lebih ekstrem, dan saat ini kita berada di tengah cuaca panas yang berbahaya, yang menyebabkan kebakaran hutan dan banyak kematian. Negara kita tidak terbiasa menangani cuaca ekstrem seperti ini. , dan kami mulai merasakan dampak ekonominya."""
"#,blacklivesmatter,Black Lives Matter, ""Setelah penangkapan polisi yang menyebabkan orang kulit berwarna dibunuh, gelombang kemarahan mengenai ketidaksetaraan ras melanda negara kita."""

---- D4 Overhaul & Expansion ----

#,BorderConflict,A Border Conflict!,"A Bold nation has just started a border conflict! our forces are engaged and more reinforcements are on the way."
#,GovermentScandal,Goverment Scandal!,"One of your highly trusted officials has been stealing money that was supposed to be used to pay for government expenses, Shortly after this was discovered the official managed to leave the country."
#,ArtifactsDiscovered,We Have Discovered Artifacts!,"One of our teams were able to discover artifacts long lost to our civilization!."
#,AirAccident,Air Accident!,"One of our military cargo planes transporting equipment and vehicles have crashed for unknown reasons, We have started an investigation into the matter, We should have a report sent to our top military personal as soon the investigation is done..."
#,AShootingStar,A Shooting Star!,"We just had a shooting star that lit up the skies!"
#,SchoolShootingPrevented,We Prevented a School Shooting!,"Thankfully one of our school resource officers was able to stop a school shooting, a lot of people are happy that we have stopped it and we are getting praised, But some parents and other activists think that we could have stopped it from happening in the first place."
#,SchoolShooting,A School Shooting!,"Today, One teen from a local school, carrying his fathers 9mm pistol and a 5.56 rifle shot and killed 12 other teens and 2 teachers, and injured 22 others this morning, Police respounded to the shooting and shot and killed the teen, our nation is greatly damaged from this tragic event."
#,LocalHero,A Hero Born,"A fire in a local repair shop and small house made an off-duty firefighter jump into action and save 11 people in both buildings, Thankfully no one was severely wounded but sadly the buildings are lost, But the firefighter is a hero who saved lives that could have been lost, and protected buildings from meeting the same fate of the previous buildings."
#,GovermentTraitorArrested,Goverment Traitor Arrested!,"One of your highly trusted officials has been stealing money that was supposed to be used to pay for goverment expenses, Shortly after this was discovered the official almosted managed to leave the country, But our secret service along with our police were able to arrest him before he fleed!"
#,HugeFire,A Huge Fire!,"A tragic accident caused a huge fire in a repair shop! Sadly no first responders were able to arrive early enough to stop the fire from quickly spreading."
#,ArtifactsStolen,Some Were Artifacts Stolen!,"Last night six robbers entered our national museum and stole many priceless artifacts, the police have been able to identify the robbers if you have any information please report to the police for a $100000 reward for any information that leads to retrieving the artifacts. Said a DDC Reporter"
#,CrimeSpree,City Crime Spree!,"A man and woman started a crime spree in the captial city, police fill the streets looking for the suspects, a security team has be assigned to you to protect you in this hard time."
#,ZooBreak,Animals Escape Zoo!,"Animals fill the streets, blocking traffic, casuing recks and reports pour in of animals damaging property and even of attacks."
#,Flood,Cites Have Flooded!,"Many cites have floods have happened after heavy rain."
