#,mpt,Das höchste Gebäude der Neuen Welt, „Der Bau eines Bauwerks, das das höchste der Welt ist, ist eine große Botschaft für die ganze Welt, unsere Freunde und Feinde werden gleichermaßen über unsere Leistung staunen.“
#,revenueservice,Revenue Service: „Ein Revenue Service stellt sicher, dass die Menschen ihre Steuern zahlen und pünktlich zahlen. Viele sagen, dass dies der Mittel- und Unterschicht mehr schaden wird, aber andere sagen etwas anderes, egal, unsere Nation braucht diese Behörde, um die Steuern der Regierung zu sichern ."
#,freetaxpreparationclasses,Kostenlose Steuervorbereitungskurse: „Das Angebot von Kursen für alle, wie man Steuern zahlt und alles, was damit zu tun hat, ist sehr wichtig. Dies stellt sicher, dass jeder und vor allem die Jugend weiß, wie man Steuern zahlt, und Probleme vermeiden kann, indem man es falsch macht.“
#,pandemicpreparationfund,PPF, „Eine PPF-Abkürzung für (Pandemie (Vorbereitung (F)und wird verwendet, um Zivilisten und Regierungsbeamte vor Krankheiten zu schützen, die unsere Nation gefährden)“.
#,sas,„Staatliche Tierheime“, „Die Bereitstellung von Tierheimen gibt streunenden oder bedürftigen Tieren ein vorübergehendes Zuhause, wo sie gefüttert, gewaschen und trainiert werden.“,
#,sac,Staatliche Tierkontrolle“, Die Finanzierung und der Betrieb eines Tierkontrolldienstes oder einer Tierschutzorganisation wird es Tierkontrollbeamten ermöglichen, mit wilden, gefährlichen und/oder hilfsbedürftigen Tieren umzugehen und sie entweder einzuschläfern oder in ein Tierheim oder ähnliches zu bringen Halteeinrichtung.",
#,so,„Staatliche Waisenhäuser“, „Staatlich errichtete und verwaltete Waisenhäuser bieten ein Zuhause für Waisenkinder und obdachlose Minderjährige, die Hilfe und Pflege benötigen.“,
#,pt,„Polizeiausbildung“, „Je besser wir unsere Beamten ausbilden, desto besser sind ihre Leistungen!“,
#,landvaluetax,„Grundwertsteuer“: Eine Grundwertsteuer (LVT) ist eine Abgabe auf den Wert von Grundstücken ohne Rücksicht auf Gebäude, persönliches Eigentum und andere Verbesserungen.[1] Sie wird auch als Standortwertsteuer oder Punktbewertungssteuer bezeichnet , eine Standortbewertungssteuer, eine Split-Rate-Steuer oder eine Standortwertbewertung.,
#,vat,„Mehrwertsteuer“: Eine Mehrwertsteuer (MwSt.), in manchen Ländern auch als Waren- und Dienstleistungssteuer (GST) bekannt, ist eine Steuerart, die schrittweise erhoben wird. Sie wird auf den Preis eines Produkts oder eines Produkts erhoben Dienstleistung in jeder Phase der Produktion, des Vertriebs oder des Verkaufs an den Endverbraucher. Wenn der Endverbraucher ein Unternehmen ist, das auf seine Produkte oder Dienstleistungen Mehrwertsteuer erhebt und an den Staat abführt, kann es die gezahlte Steuer zurückfordern. Es ähnelt und wird oft mit einer Umsatzsteuer verglichen. Die Mehrwertsteuer ist eine indirekte Steuer, da die Person, die letztendlich die Steuerlast trägt, nicht unbedingt dieselbe Person ist wie die Person, die die Steuer an die Steuerbehörden zahlt.“,
#,interest_rate,„Zinssatz“, „Zinssätze beeinflussen viele Aspekte unserer Wirtschaft, höhere Zinssätze sind im Allgemeinen schlecht für die meisten Menschen, während niedrigere unsere Banken schädigen.“,
