#,CryptocurrencyCrash!,Cryptocurrency-crash!,"De opkomst van cryptocurrencies heeft geleid tot een zeepbel die zojuist is gebarsten. Miljoenen zelfstandigen hebben geld verloren. Nu pleiten ze voor meer regulering van internetvaluta's."
#,FlashCrash,Flash-crash,"Geautomatiseerde handel heeft de aandelenmarkt zo kwetsbaar gemaakt dat een enkele grote transactie de aandelen in een plotselinge spiraal heeft gebracht. Economen roepen op tot de onmiddellijke invoering van regels voor geautomatiseerde handel om te voorkomen dat een dergelijke ramp ooit nog gebeurt. Ons BBP heeft een ernstige blazen."
#,accidentalshooting,Per ongeluk schieten,"De misdaadcijfers zijn zo hoog in ons land dat huisinvasies een reële zorg zijn voor alle burgers. Een beroemdheid heeft een lid van hun eigen familie in hun huis neergeschoten en beweerde dat ze dachten dat ze een indringer waren."
#,accountantsbusted,Accountants gepakt,"Journalisten die een complexe belastingfraude onderzoeken, hebben een enorme database gekregen en openbaar gemaakt van een in ongenade gevallen buitenlands accountantskantoor. De database bevat details van duizenden rijke individuen uit ons land, waaronder politici en beroemdheden, die precies laten zien hoe ze hebben vermeden om te betalen Dit domineert de nieuwscyclus en wakkert de woede aan over ongelijkheid en de gevolgen van ongebonden kapitalisme."
#,affair,Affaire,"Een pornoster heeft publiekelijk beschuldigd dat je een affaire met ze hebt gehad en dat je ze zwijggeld hebt betaald om je indiscretie geheim te houden. Erger nog, dat zwijggeld kwam uit campagnefinanciën, wat een misdaad is. Tijd om een laaggeplaatste lakei om de betaling op zich te nemen, de affaire te ontkennen en uw aanklager te betalen om dit te laten verdwijnen."
#,aidtoeradicatedisease,Hulp bij het uitroeien van ziekten,"Een internationale organisatie heeft een grote hoeveelheid hulp verleend, gericht op de uitroeiing van een slopende ziekte in ons land. Onze mensen lijden, dus deze injectie van middelen om de ziekte te bestrijden is zeer welkom. Maar dat onze regering dergelijke externe steun nodig heeft is bekritiseerd door patriottische commentatoren."
#,aidtoeradicatepoverty,Steun om armoede uit te roeien,"Een internationale organisatie heeft een grote hoeveelheid hulp toegezegd om de armoede in ons land uit te roeien. Onze mensen lijden, dus deze injectie van middelen om armoede te bestrijden is zeer welkom. Dat onze regering dergelijke externe steun echter nodig heeft, is bekritiseerd door patriottische commentatoren."
#,airstrike,Luchtaanval,"Beweringen over het aanleggen van massavernietigingswapens zijn gebruikt als rechtvaardiging om militaire doelen in ons land te bombarderen. De luchtcampagne van deze buitenlandse militaire coalitie zal onze militaire capaciteiten verminderen en de buitenlandse betrekkingen verder beschadigen."
#,carpoolrapescandal, Carpool verkrachtingsschandaal,"Het grootste bedrijf voor het delen van ritten dat in het land actief is, onderdrukt systematisch beschuldigingen van verkrachting tegen hun chauffeurs. Onderzoeksjournalisten hebben bewijs gevonden van honderden rapporten van passagiers die ondersteuningsmedewerkers vertelden dat ze zich niet moesten melden bij de wetshandhaving. Startende technologiebedrijven hebben zo weinig personeel , worden basisveiligheidsprotocollen genegeerd in de sectoren die ze ontwrichten."
#,celebrityopioiddeath,Beroemdheid Opioïde Dood,"Een jonge filmster is dood aangetroffen in hun appartement, omringd door flessen voorgeschreven opioïden. Deze klasse van verslavende medicijnen, die normaal gesproken wordt gebruikt voor kortdurende pijnverlichting, heeft de medicijnkasten van ons land overspoeld. Wanneer de ziektekostenverzekering niets vergoedt maar een goedkope pil, opioïden zijn gemakkelijk voor te schrijven door artsen. Duizenden sterven tijdens deze crisis aan een overdosis."
#,centralbankfraud,Centrale Bankfraude,"Ambtenaren bij de centrale bank blijken fraude te plegen en nieuwe rekeningen te ruilen voor valse rekeningen. Als instellingen die de basis van ons financiële systeem vormen corrupt zijn, hoe kunnen onze mensen dan het leiderschap van deze regering vertrouwen?"
#,civilservantsstrike,Ambtenarenstaking,"Ambtenaren hebben gestemd voor staking boven loon. Als je werkgever de overheid is, kun je niet zomaar ontslag nemen en een andere baan vinden bij een concurrent. Ambtenarenzaken is vaak een ondankbare taak, maar een vergoeding om een ​​redelijke levensstandaard te ondersteunen mag worden verwacht ."
#,coastaloilspill, Kustolieramp,"Een verwoestende olieramp heeft het bestand in de lokale visserij weggevaagd, waardoor de manier van leven van de lokale plattelandsbevolking is vernietigd. Dit zal hen van het gebied naar nabijgelegen dorpen en steden verdrijven, en de kwade wil verergeren tussen degenen die het milieu willen beschermen , en degenen die het willen exploiteren."
#,corruptionarrests,Corruptie arrestaties,"Corrupte functionarissen zijn gearresteerd op beschuldiging van verduistering. Een aanhoudende campagne van anticorruptiehandhaving heeft geleid tot deze opvallende arrestaties. Ons gebrek aan tolerantie voor corruptie is duidelijk gemaakt en we hebben aangetoond dat niemand boven de wet staat. "
#,CryptocurrencyCrash,Cryptocurrency-crash,"De opkomst van cryptocurrencies heeft geleid tot een zeepbel die zojuist is gebarsten. Miljoenen zelfstandigen hebben geld verloren. Nu pleiten ze voor meer regulering van internetvaluta's."
#,deadlyvirusoutbreak,Dodelijke virusuitbraak,"Er is een dodelijke virusuitbraak geweest, waarbij duizenden mensen in het hele land om het leven zijn gekomen. De uitzonderlijke virulentie van deze ziekte en de hoge sterftecijfers van patiënten zijn verwoestend. Internationale reizen en handel zijn ingeperkt totdat deze uitbraak onder controle is."
#,deadlywatercontamination,Dodelijke waterverontreiniging,"Honderdduizenden burgers zitten zonder veilig drinkwater nadat hun leidingwater met lood was verontreinigd. Om geld te besparen, veranderde hun gemeente van lokale waterbronnen, maar het nieuwe water corrodeerde de loden leidingen die het droegen. Voordat de loodvergiftiging werd ontdekt , zijn twaalf mensen omgekomen."
#,debtdeal, Schuldendeal,"Er is een deal gesloten met onze internationale crediteuren om de schuld van ons land te herstructureren. Door onze leningen te consolideren en ze te beveiligen tegen kasstromen van staatsbedrijven, zijn onze rentebetalingen aanzienlijk verminderd."
#,diplomaticimmunity,Diplomatieke immuniteit,"Een buitenlandse diplomaat is het land ontvlucht nadat hij naar verluidt een burger bij een auto-ongeluk zou hebben vermoord. Ze gebruikten hun diplomatieke onschendbaarheid om terug te reizen naar hun thuisland, onbetwist door wetshandhavers. Hoewel verwacht wordt dat ze de wet gehoorzamen, zijn er duizenden buitenlandse diplomaten binnen onze grenzen opereren erboven. Het publiek ziet dit als een grove gerechtelijke dwaling en richt hun woede op de politieke klasse."
#,diseaseeradicated,ziekte uitgeroeid,"Een aanhoudende campagne van vaccinaties, voorlichting en monitoring heeft ertoe geleid dat een chronische, slopende ziekte in ons land is uitgeroeid. We moeten ervoor zorgen dat we deze status verdedigen, zodat onze mensen kunnen blijven leven zonder deze destructieve ziekte."
#,disputedterritoryrepatriated,Betwist gebied gerepatrieerd,"Na een uitspraak van een internationale rechtbank is een belangrijk gebied waarover we historisch de soevereiniteit hebben opgeëist, gerepatrieerd. De huidige bezetters hebben onze claim altijd betwist, maar hebben geen andere keuze dan het gebied te ontruimen en het eigendom over te dragen."
#,drought,Droogte,"De seizoensgebonden regens zijn niet gevallen en het land lijdt onder een acute droogte. De oogst is mislukt, de watervoorziening slinkt en de populaties vee en wilde dieren kunnen niet worden volgehouden. Met een betere infrastructuur had de ernst van deze situatie kunnen worden verlicht. "
#,dubiousrolemodel,Twijfelachtig rolmodel,"Een hooggeplaatste functionaris, die u zelf hebt uitgekozen, heeft een notoir extreme dictator geprezen in een van hun toespraken. Ze hebben misschien miljoenen onschuldige mensen vermoord tijdens hun bewind, maar ze hadden een aantal interessante ideeën over staatsinfrastructuur."
#,electiondeclaredfreeandfair,Verkiezing vrij en eerlijk verklaard,"De laatste verkiezingen zijn door internationale waarnemers als vrij en eerlijk beoordeeld. Nationale verkiezingen zijn een van de weinige keren dat individuen een directe invloed kunnen hebben op het democratische proces. Door de integriteit van het stemsysteem te handhaven, wordt de democratie zelf behouden. "
#,electionflawed,Verkiezingsfout,"De laatste verkiezingen voldeden niet aan de internationale normen, volgens onafhankelijke waarnemersgroepen. Nationale verkiezingen zijn een van de weinige keren dat individuen een directe invloed kunnen hebben op het democratische proces. Door het stemsysteem te ondermijnen, wordt de democratie zelf ondermijnd."
#,electionresultchallenged,Verkiezingsresultaat uitgedaagd,"De oppositie, die de laatste verkiezingen verloor, beweert met klem dat er met de stembiljetten is geknoeid. Ze betwisten de verkiezingsuitslag bij het Hooggerechtshof, de hoogste rechtbank van het land. Zelfs als ze niet slagen, is er geen rook zonder vuur, en het electoraat zal woedend zijn."
#,embezzledfundsrecovered,Verduisterde fondsen teruggevorderd,"Geld dat door een voormalige leider is overgeheveld, is teruggevorderd van buitenlandse bankrekeningen. Nu het niveau van corruptie in onze samenleving is afgenomen, worden onze handhavingsinstanties niet gehinderd om de fouten uit het verleden recht te zetten."
#,environmentalconservationaid,Milieubeschermingshulp,"Een internationale organisatie heeft een grote hoeveelheid hulp toegezegd om te helpen bij het behoud van het milieu in ons land. Onze waardevolle natuurlijke omgeving lijdt, dus deze injectie van middelen om de achteruitgang ervan te bestrijden is zeer welkom. Maar dat onze regering dergelijke externe steun nodig heeft, heeft bekritiseerd door patriottische commentatoren."
#,extraditedhackerconvicted,Uitgeleverde hacker veroordeeld,"We hebben met succes een buitenlandse hacker uitgeleverd en veroordeeld die belangrijke computersystemen van de overheid heeft gecompromitteerd. Onze wereldwijde invloed en uitleveringsverdragen hebben vandaag een slag toegebracht aan de internationale cybercriminaliteit."
#,extremiststate,Extremistische Staat,"Een extremistische factie in ons land heeft zijn eigen territoriale onafhankelijkheid uitgeroepen. Ze hebben met hun milities een afgelegen gebied veiliggesteld, vlakbij de noordgrens van ons land. Dat we onze eigen soevereiniteit niet kunnen verdedigen, is een aanklacht tegen de veiligheid in onze natie. zorgwekkend is dat we een omgeving hebben gecreëerd waarin burgers wanhopig genoeg zijn geworden om extreme maatregelen als deze te nemen."
#,factorycloses,Fabriek sluit,"Een grote werkgever in ons land heeft zojuist een van zijn autofabrieken gesloten, waardoor duizend burgers overbodig zijn geworden. Een daling van het autogebruik in onze bevolking, evenals een slechte arbeidsproductiviteit, worden genoemd als de belangrijkste oorzaken voor de sluiting."
#,femaleleader,Vrouwelijke Leider,"Er is een vrouwelijke leider gekozen als het nieuwe hoofd van de oppositie. De vertegenwoordiging van vrouwen op de hoogste regeringsniveaus is het resultaat van een aanhoudende campagne tegen genderongelijkheid in onze samenleving."
#,fgmreportshame,FGM Rapport Schande,"Er is een rapport van een gerespecteerde internationale organisatie gepubliceerd waarin kritiek wordt geuit op de aanzienlijke incidentie van vrouwelijke genitale verminking in ons land. Dit gevaarlijke ritueel is geworteld in genderongelijkheid en verslechtert de seksuele gezondheid van slachtoffers ernstig."
#,foodscandal,Voedselschandaal,"Undercover tv-verslaggevers hebben schokkende beelden vrijgegeven van de omstandigheden in een aantal slachthuizen in ons land. Hoewel weinig mensen niet weten dat goedkoop vlees zijn kosten heeft, brengt dit de realiteit van hoe ons voedsel wordt geproduceerd scherp in beeld. Campagnevoerders voor biologisch voedsel en veganisme noemen het een keerpunt in de publieke opinie over deze kwestie."
#,foodshortages,Voedseltekorten,"Internationale hulp stroomt het land binnen nadat een acuut voedseltekort onze burgers heeft doen verhongeren. Slechte milieuomstandigheden en gecompromitteerde infrastructuur hebben onze binnenlandse productie verpletterd. Onze mensen lijden, dus deze injectie van middelen om honger te bestrijden is zeer welkom. , dat onze regering dergelijke externe steun nodig heeft, is bekritiseerd door patriottische commentatoren."
#,foreignneighbournuclearmissiletest,"Nucleaire rakettest met buitenlandse buren, de ontwikkeling van kernwapens blijft de maatstaf voor wereldwijde militaire relevantie. Een naburig isolationistisch land heeft een raket getest in zijn nucleair programma dicht bij onze grens."
#,formermilitaryleaderssentenced,Voormalige militaire leiders veroordeeld,"Militaire leiders die de democratische vooruitgang actief onderdrukten, zijn voor de rechtbank veroordeeld. Dit zijn machtige mensen en onze rechterlijke macht heeft de wetten van ons land moedig gehandhaafd. We hebben de krachtige verklaring afgelegd: niemand staat boven de wet, en gerechtigheid zal worden gedaan ."
#,formerspypoisoned,Voormalige spion vergiftigd,"Een voormalige buitenlandse spion die asiel in ons land kreeg, is vermoord door hun voormalige begeleiders. De spion werd plotseling ziek na een restaurantbezoek, waar vijandelijke agenten een radioactieve chemische stof in hun drankje stopten. Burgers raken in paniek omdat ze mogelijk worden blootgesteld aan de vergif op een openbare plaats, en patriotten zijn verbijsterd dat een dergelijke operatie op binnenlandse grond kan worden uitgevoerd."
#,fuelshortage,Brandstoftekort,"De brandstofpompen zijn drooggelopen op de voorterreinen van garages in ons land. De binnenlandse productie kan niet aan de vraag voldoen en de invoer van brandstof is beperkt door logistieke problemen en een hoog niveau van wereldwijde consumptie."
#,garbagescam, Vuilniszwendel,"Tonnen afval dat voor recycling naar het buitenland is verscheept, is teruggestuurd. De containers, vol met ongewenst afval van onze samenleving, werden ten onrechte bestempeld als recyclebaar plastic. Milieuactivisten zijn verontwaardigd over het fundamentele falen van het recyclingprogramma van ons land. Deze nationale schaamte heeft de krantenkoppen gehaald de wereld."
#,gigeconomypressure,Gig economie druk,"Een chauffeur van een deelauto heeft schuldig gepleit voor het ontvoeren van hun passagier om hun tarief te verhogen, terwijl ze naar een andere stad reden terwijl ze sliepen. In de rechtbank noemde de chauffeur financiële druk als hun motivatie, omdat ze moeite hadden om hun maandelijkse rekeningen te betalen. worden wanhopig omdat hun arbeidsrechten en marges worden uitgehold door ontwrichtende bedrijven."
#,globalhitdrama,Globaal hitdrama,"Een binnenlands drama uit de periode is een wereldwijde sensatie geworden. Meer dan honderd landen hebben de rechten gekocht om de show uit te zenden. De massale aantrekkingskracht ervan heeft televisieprijzen over de hele wereld opgeleverd. Dit entertainmentfenomeen is nu een van de grootste exportproducten van het land."
#,governmentshutdown,Overheid stilgelegd,"De exploitatiebegroting van uw regering is ingehouden en de openbare diensten zijn voor een maand opgeschort. Uw controversiële beleid heeft geen brede steun in de wetgevende macht, en ze hebben hun collectieve macht gebruikt om u het geld te ontzeggen dat nodig is om staatspersoneel te betalen. Veiligheidsagenten, grenspatrouilles, gevangenispersoneel en luchtverkeersleiders zijn slechts enkele van de onbetaalde arbeiders die wekenlang thuis zitten terwijl jij een politieke oplossing zoekt."
#,gravemoveprotests,Grave Move Protesten,"De overblijfselen van een fascistische historische figuur zijn opgegraven van hun prominente begraafplaats in de hoofdstad en verplaatst naar een afgelegen graf. Socialisten hebben de verhuizing geprezen, omdat dit hoofdstuk uit ons verleden niet langer zal worden verheerlijkt. Terwijl conservatieve nationalisten protesteerden tegen de interventie, waarin wordt uitgedrukt dat het niet mogelijk is om het verleden uit te wissen."
#,highcorruptioncriticized,Hoge corruptie bekritiseerd,"Een internationaal rapport heeft kritiek geuit op het hoge niveau van corruptie in onze samenleving, wat aangeeft dat we een van de meest corrupte naties op het continent zijn. Corruptie is een belemmering voor alle aspecten van het leven, en het benadrukken van de impact ervan in ons land zal negatief worden ontvangen in binnen-en buitenland."
#,highriseblaze,High Rise Blaze,"Een storing in huishoudelijke apparaten veroorzaakte een dodelijke brand in een hoog flatgebouw, gebouwd in de hoofdstad van onze natie om gezinnen met lage inkomens te huisvesten. Een combinatie van slechte bouwconstructie, gebrek aan handhaving van de regelgeving en een onvoorbereide brandweerdienst heeft geleid sterfgevallen die het land hebben geschokt. Uw regering is in bredere zin bekritiseerd vanwege de groeiende kloof in de ongelijkheid in rijkdom, die werd benadrukt door het gebrek aan zorg voor deze burgers."
#,holybuildingburned,Heilig gebouw verbrand,"Een prominente plaats van aanbidding in uw hoofdstad is met de grond gelijk gemaakt door een brandbom, nadat de spanningen tussen rivaliserende religieuze groeperingen escaleerden. De pers doet weinig om het rampzalige effect dat dit zal hebben op de rassenverhoudingen in ons land te minimaliseren."
#,hostagesrescued,Gijzelaars gered,"Gijzelaars van een terroristische groepering zijn gevonden en gered door ons leger. Hoewel radicale facties nog steeds actief zijn in onze samenleving, hebben we laten zien dat we ze effectief bestrijden en uiteindelijk zullen zegevieren."
#,housingmarketboom,Woningmarkt boom,"De huizenprijzen hebben een recordhoogte bereikt. Dit is een goede indicatie dat onze economie steeds sterker wordt. Iedereen verdient geld en is in staat om hun ambitie om hun vastgoedportefeuille te laten groeien waar te maken. Sommige agressieve economen zien dit als een tijdelijke zeepbel , wachtend om te barsten, maar de meesten zijn aan het hooien terwijl de zon schijnt."
#,housingmarketcrash,Huismarktcrash,"De huizenprijzen dalen. De schijnbaar onvermijdelijke hausse en bust-cyclus van de markt heeft ons weer ingehaald. Meerdere huizenbezit en buitenlandse investeerders dreven de prijzen op tot boven de betaalbaarheid van degenen die het onderdak echt nodig hadden. Nu hebben mensen leningen die de waarde overschrijden van hun huizen is de liquiditeit in de verkoop van onroerend goed in beslag genomen en lijden alle markten aan een gebrek aan vertrouwen."
#,hugehurricane,Grote orkaan,"Gemeenschappen zijn verwoest door een buitengewoon grote orkaan. Duizenden zijn omgekomen, omdat de verdediging tegen natuurrampen faalde en de noodrespons hopeloos ontoereikend was. Vervolgens is er een golf van ontslag geweest onder regeringsfunctionarissen die verantwoordelijk waren voor het voorkomen van deze tragedie U bent persoonlijk bekritiseerd vanwege uw manier van omgaan met het incident."
#,illegalimmigrationoutcry,Illegale immigratie protest,"Aanzienlijke groei van illegale immigratie heeft geleid tot verontwaardiging onder de conservatieve bevolking van ons land. De raciale spanningen waren al hoog en met poreuze grenzen die voortdurend werden overschreden, moest deze situatie zeker tot een hoogtepunt komen."
#,internationalcharges,Internationale kosten,"Een internationaal strafhof heeft een aanklacht tegen u ingediend wegens moord, verkrachting en deportatie. Natuurlijk ontkent u deze misdaden en weigert u de claims waardig te maken door uw aanklagers te ontmoeten. U bent er zeker van dat het publiek deze leugens zal zien voor wat ze zijn ."
#,internationalliteraryaward,Internationale Literaire Prijs,"Een lokale schrijver heeft de meest prestigieuze internationale literaire prijs gewonnen voor zijn roman. Het verhaal speelt zich af in ons land en heeft de bekendheid van het land over de hele wereld vergroot."
#,joiningtheunion,Toetreden tot de Unie,"Onze natie is opgenomen in een pan-continentale organisatie, wiens doel het is om vrede en welvaart te verzekeren in de gebieden van de vakbonden. Er zijn nog steeds burgers in leven die zich herinneren dat ze in oorlog waren met enkele van onze buurlanden, wiens superstaat we nu toetreden. Het opofferen van een of andere soevereine macht is zeker een prijs die het waard is om te betalen om gunstige handelsovereenkomsten te sluiten, en een niet-aanvalsverdrag om catastrofale toekomstige conflicten te voorkomen."
#,journalistjailed,Journalist gevangen gezet,"Een buitenlandse journalist die vanuit de hoofdstad verslag doet, is gevangen gezet wegens spionage. Ze protesteren tegen hun onschuld, maar werden betrapt op omgang met dissidente rebellen die ons regime willen destabiliseren. De internationale pers heeft zich uitgesproken ter ondersteuning van deze spion en bekritiseert het gebrek aan menselijke rechten in ons land."
#,journalistreleased,Journalist vrijgelaten,"Een journalist die wegens dissidentie in de gevangenis zit, is vervroegd vrijgelaten nadat hij hun beroep had gewonnen. De mensenrechtensituatie in ons land is verbeterd sinds hun opsluiting, en hun vrijlating is goed ontvangen, zowel in binnen- als buitenland."
#,judgemartyr,Rechter martelaar,"Een rechter heeft een pistool in hun rechtszaal gebracht en zichzelf in de borst geschoten. Deze daad van martelaarschap was een protest tegen de corruptie van uw regering en openlijke inmenging in de rechterlijke macht."
#,landacquisitionscandal,Landaankoopschandaal,"Een voorgesteld gezamenlijk infrastructuurproject met een buitenlandse overheid is opgeschort. Dit is te wijten aan een rechtszaak die is aangespannen tegen het betrokken bouwbedrijf over de wettigheid van hun grondaankopen. Het lijkt erop dat burgers met geweld uit hun huizen zijn gezet zonder passende compensatie , terwijl ambtenaren overheidsgeld van het project afsloegen."
#,leaderdiessuddenly,Leider sterft plotseling,"De leider van de regering is plotseling en onverwacht overleden. Ze hebben een zware hartaanval gehad, waarvan ze nooit zijn hersteld. U, een interim-leider, bent op hun plaats gezet totdat er verkiezingen kunnen worden gehouden."
#,leavingtheunion,De Unie verlaten,"U heeft de uitslag van een referendum geërfd van de vorige regering, en de wil van het volk moet worden nageleefd. De natie was in tweeën gedeeld over het al dan niet in een unie blijven met onze handelsburen. Met de kleinste marge stemde het electoraat om te vertrekken de superstaat. Onze eigen wetten, grondwet en markten zijn zo verstrengeld met die van de vakbond, dat vertrekken een onmogelijke bureaucratische taak lijkt. Maar wat verlof betekent, was niet gedefinieerd, dus dit kan een kans zijn voor een politieke landroof."
#,lowcorruptionpraised,Lage corruptie geprezen,"Een internationaal rapport prees het lage niveau van corruptie in onze samenleving, wat aangeeft dat het land een van de minst corrupte op het continent is. In deze omgeving kan het bedrijfsleven floreren en kunnen onze mensen ernaar streven om zichzelf ongehinderd te verbeteren. De internationale gemeenschap voelt vertrouwen dat hun investering in onze natie efficiënt zal worden gebruikt, voor het beoogde doel."
#,martyrdies,Martelaar sterft,"In een daad van extreme demonstratie, protesterend tegen de regering, heeft een burger zichzelf in brand gestoken in de hoofdstad van het land. Ze hebben hun verwondingen niet overleefd en hun martelaarschap heeft een golf van burgerlijke ongehoorzaamheid veroorzaakt die het land heeft gedestabiliseerd."
#,masssentencing, massale veroordeling,"Honderden gevangenen zijn in één enkele zitting veroordeeld, in strijd met de internationale normen voor een eerlijk proces. De feiten van elk individueel geval kunnen onmogelijk goed in overweging zijn genomen tijdens deze karikatuur van gerechtigheid."
#,migrantsdieintruck,Migranten sterven in vrachtwagen,"Tientallen lichamen zijn gevonden in de achterkant van een commerciële vrachtwagen aan onze grens. De verstikte slachtoffers zijn geïdentificeerd als buitenlandse migranten die stierven toen ze ons land probeerden te bereiken. De schuld voor deze tragedie wordt gericht aan de regering, voor het niet patrouilleren in onze effectief aan de grens, en voor de chronische situatie waarin wanhopige mensen ons land niet legaal kunnen binnenkomen."
#,militarycontractscandal,Militair contractschandaal,"Er is een onderzoek gestart nadat geïnstitutionaliseerde corruptie in ons leger werd onthuld door een nationale krant. Er zijn vervalste aanbestedingscontracten gebruikt om grote hoeveelheden overheidsgeld naar persoonlijke bankrekeningen te hevelen."
#,minerskilled,Mijnwerkers gedood,"Een instorting bij een mineraalmijn heeft tientallen mijnwerkers het leven gekost. Er is een onderzoek gaande naar de gezondheids- en veiligheidsnormen in de faciliteit, maar dit wordt door het publiek als te weinig, te laat gezien."
#,multinationalcompanyheadquarters,Het hoofdkantoor van een multinational,"Een grote multinational heeft besloten om hier in ons land zijn regionale hoofdkantoor te bouwen. Een gunstige arbeidsmarkt, een goed opleidingsniveau en een stabiel regime hebben allemaal bijgedragen aan hun beslissing. Dit zal een impuls betekenen voor de werkgelegenheid en onze economie."
#,nationalcyberattack,Nationale cyberaanval,"De kerncomputersystemen van ons land zijn getroffen door een grote cyberaanval. Banken, mediakanalen en overheidswebsites waren allemaal het doelwit van enorme buitenlandse botnets, overweldigende servers met een buitengewoon aantal online verzoeken. Het is duidelijk dat een historische agressor achter de aanval, woedende patriotten."
#,nationalsportsstarsgaggedbyforeignpower,Nationale sportsterren de mond gesnoerd door buitenlandse macht,"Als sport een bedrijf is, moeten atleten hun contracten controleren voordat ze hun mening uiten. Er werd een kruiperige verontschuldiging aangeboden aan een buitenlandse grootmacht die er bezwaar tegen had om zich uit te spreken voor een protestbeweging in hun land."
#,nationalteambanned,Nationaal team verboden,"Ons nationale voetbalelftal is uitgesloten van alle competitie vanwege het maken van racistische opmerkingen over hun tegenstanders. De raciale spanningen lopen hoog op in onze samenleving, en deze zeer zichtbare tuchtiging werpt een gênante schijnwerper op onze sociale problemen."
#,nationalteamdefects,Nationale teamdefecten,"Het nationale voetbalteam weigert terug te keren van een internationaal toernooi. Ze zoeken asiel in het gastland van het toernooi en beweren dat hun leven in gevaar zou zijn als ze naar huis zouden terugkeren. Dit is een internationale schande, die onze brede maatschappelijke problemen benadrukt. "
#,nationalteamexitsworldcup,Nationaal team verlaat WK",Het nationale voetbalelftal is eerder dan verwacht uit het WK gevallen. Onze bevolking kan hun teleurstelling niet bevatten. De spelers zijn zwaar bekritiseerd in de media en er heerst een algemeen gevoel van somberheid in het hele land. Hoe kunnen we ambities om een ​​wereldleider te zijn, terwijl we niet eens een competitieve sportkant kunnen bieden?"
#,nationalteamwinsworldcup,Nationaal team wint WK,"Het nationale voetbalteam heeft de wereldbeker gewonnen, waar fans in het hele land blij mee zijn. Het leidt misschien niet tot tastbare voordelen op de lange termijn, maar een golf van goede wil bij onze mensen is zeer welkom."
#,nativespeciesextinct,Inheemse soorten uitgestorven,"Een zeer zichtbare, inheemse diersoort is uitgestorven verklaard. Erosie van hun natuurlijke habitat en stroperij worden de schuld gegeven. Het onvermogen van de regeringen om de natuurlijke hulpbronnen van onze natie te beschermen, heeft milieuactivisten woedend gemaakt."
#,naturallyentertaining,Natuurlijk vermakelijk,"De gevierde natuuronderzoekers van ons land hebben het opnieuw gedaan. Hun nieuwste videodocumentaireserie is een wereldwijde hit en verhoogt het profiel van de meest urgente wereldwijde ecologische problemen. Dat de rest van de wereld onze natie sterk identificeert met deze releases, verhoogt ook ons ​​eigen profiel Er is een aanzienlijke toename van het lidmaatschap van milieugroeperingen geweest."
#,newlyindustrializedcountrystatus,Nieuw geïndustrialiseerde landstatus,"Ons land is door mondiale economen geclassificeerd als nieuw geïndustrialiseerd. Dit is een erkenning van ons sterke politieke leiderschap, productiegroei, verstedelijking en vrijhandel."
#,nobelpeaceprize,"Nobelprijs voor de vrede, degenen die worden gezien als instrumenteel in het bevorderen van de democratie in binnen- en buitenland, hebben een Nobelprijs voor de vrede gekregen. Dit is een krachtige bevestiging van ons democratisch regime door de internationale gemeenschap."
#,olympichosts,Olympische gastheren,"Niets zegt dat internationaal leiderschap zo goed is als het succesvol hosten van de Olympische Spelen, en onze Olympische Spelen verliepen vlekkeloos. Het coöpteren van de boodschap van fair play en eer van de Olympische eed voor een groot wereldwijd publiek was alle kosten, politiek en handdrukken waard . Je weet zeker dat de atleten het ook naar hun zin hadden."
#,openlygayleader,Openlijk homoseksuele leider,"Er is een openlijk homoseksuele politicus gekozen als leider van de oppositie. Vertegenwoordiging op de hoogste regeringsniveaus is het resultaat van een aanhoudende campagne tegen seksuele discriminatie in onze samenleving."
#,oppositionmembersstagewalkout,Oppositieleden Stage Walkout,"Leden van de oppositie in de wetgevende macht zijn weggelopen uit protest tegen de verstikking van het democratisch proces door de regering. Er kan zelfs geen façade van democratie zijn zonder deelname van de oppositie."
#,oppositionplanswithdrawal,Oppositie plannen terugtrekking,"Sommige oppositiepartijen hebben verklaard dat ze hun vertegenwoordigers uit de stembureaus van toekomstige verkiezingen zullen terugtrekken, uit protest tegen vermeende historische verkiezingsmanipulatie. Ze zullen dit als de reden voor hun verlies noemen, en hun acties hebben politieke activisten tot waanzin opgezweept. "
#,parkrangerkilled,Parkwachter vermoord,"Een parkwachter die een groep gewapende stropers stoorde, is vandaag gedood tijdens zijn werk. De waarde van bedreigde diersoorten op de zwarte markt betekent dat stropers nu bereid zijn te moorden."
#,pipelineprotests,Pijpleidingprotesten,"De aanleg van een oliepijpleiding heeft tot felle protesten geleid, omdat deze door land loopt dat eigendom is van een gemeenschap van inheemse burgers. Ze zijn sterk tegen de milieu-impact en hebben internationale aandacht en steun gekregen van over de hele wereld."
#,planecrash,Vliegtuigcrash,"Een vliegtuig dat eigendom is van de nationale luchtvaartmaatschappij is neergestort, waarbij alle aan boord zijn omgekomen. Slecht onderhoud is genoemd als de oorzaak van het falen van de systemen aan boord en de overheid beschuldigde de lage veiligheidsnormen."
#,poachersconvicted,Stropers veroordeeld,"Stropers die door parkwachters zijn betrapt, zijn berecht en veroordeeld. De toewijding van onze parkwachters om onze natuurlijke omgeving te beschermen is prijzenswaardig, en ze hadden deze arrestaties niet kunnen verrichten zonder essentiële middelen van de overheid. Stropers zijn echter een symptoom van armoede in onze samenleving, en zou het niet beter zijn om de grondoorzaak weg te nemen?"
#,policeshooting,Politie schieten,"Een ongewapende burger is gedood bij een schietpartij door de politie. Het slachtoffer behoorde tot een raciale minderheid, wat tot verontwaardiging leidde in hun gemeenschap. Liberale aanhangers hebben zich achter een campagne voor sociale rechtvaardigheid geschaard om een ​​einde te maken aan discriminerend politiegeweld."
#,politicalrelationshipdowngraded,Politieke relatie gedegradeerd,"Een belangrijke handelspartner heeft hun politieke relatie met ons land naar beneden gehaald. Dit is een drastische stap die het gevolg is van de verslechtering van de buitenlandse betrekkingen tussen onze naties. Buitenlandse handel en investeringen zullen eronder lijden, waarbij een aanzienlijk deel van deze economische activiteit wordt teruggetrokken."
#,politicalrelationshipupgraded,Politieke relatie verbeterd,"Een belangrijke handelspartner heeft hun politieke relatie met ons land verbeterd. Naarmate de betrekkingen tussen onze landen zijn gegroeid, zijn ook de buitenlandse handel en investeringen toegenomen. Deze formele politieke upgrade zal deze economische activiteiten een verdere impuls geven."
#,protesterskilled,Demonstranten vermoord,"Tientallen demonstranten zijn gedood door gewapende politie tijdens een politieke demonstratie. Ongeacht de wettigheid van de mars, deze brute onderdrukking is uiterst ondemocratisch, en oogst veroordeling van zowel het publiek als de internationale gemeenschap. Er zal zeker nog meer burgerlijke onrust volgen."
#,quantumcomputing,Kwantumcomputers,"Een binnenlands technologiebedrijf heeft een nieuw tijdperk van computertechnologie aangekondigd. Quantumprocessors gebruiken abstracte wetenschappelijke principes om meerdere berekeningen tegelijkertijd uit te voeren. Taken die een conventionele computer duizenden jaren in beslag zouden nemen, kunnen nu in minuten worden voltooid. Marktleiderschap in de technologiesector lijkt verzekerd voor ons land."
#,regionalwar, Regionale Oorlog,"Er is oorlog uitgebroken in een buurland, waardoor er spanningen ontstaan ​​langs onze grens met hen. We zien een toestroom van vluchtelingen en ook de handel wordt gestaakt. Er zijn ook zorgen dat een conflict in zo'n directe nabijheid de stabiliteit van onze eigen volk."
#,resourcesobsolete,Bronnen verouderd,"De wereldwijde vraag naar de mineralen die uit onze nationale mijnen worden gewonnen, is gedaald. Er zijn betere alternatieven gevonden om onze hulpbronnen in productieprocessen te vervangen. De enige manier om het gebruik ervan te stimuleren, is door de prijzen en daarmee de inkomsten te verlagen."
#,richestcompanypaysnotax,Het rijkste bedrijf betaalt geen belasting,"Het rijkste multinationale bedrijf ter wereld heeft ons dit jaar geen belasting betaald, ondanks het feit dat het miljarden omzet in ons land heeft overgemaakt. Door gebruik te maken van de beste uitbuitende boekhoudpraktijken en offshore belastingparadijzen die geld kan kopen, zorgt dit bedrijf ervoor dat niemand kan concurreren terwijl we onze regering bedriegen met de broodnodige publieke middelen. Socialisten zijn woedend en patriotten kunnen niet geloven dat onze grote natie niet in staat is deze buitenlandse entiteit te belasten."
#,royalbaby,Koninklijke baby,"Voor royalisten, gedachten aan opvolging. Voor alle anderen, schattige babyfoto's. Wanneer een toekomstige Vorst wordt geboren in de koninklijke familie van ons land, is er voor elk wat wils. Nou ja, in ieder geval iets voor genoeg kiezers dat we die lastige wetgeving kunnen aannemen zonder al te veel veel aandacht in de pers. Glimlach voor de camera's, majesteiten."
#,royalwedding,Koninklijke bruiloft,"Er kan enige discussie zijn over het rendement op de investering in de koninklijke familie van ons land. Maar als je het electoraat nodig hebt om afgeleid te worden, kun je rekenen op algemene berichtgeving in de pers als er een koninklijk huwelijk is. Laten we het niet hebben over hoeveel de kiezers evenement kosten, het is tenslotte hun speciale dag."
#,schoolgirlskidnapped,Schoolmeisjes ontvoerd,"Honderden vrouwelijke studenten zijn ontvoerd door terroristen van een overheidsschool. De extremisten hadden het gebied van ons land waar de ontvoering plaatsvond gedestabiliseerd tijdens een langdurige campagne tegen ons bestuur. Onze veiligheidsmiddelen zijn niet voldoende om de controle terug te nemen en de schoolmeisjes te redden ."
#,schoolshooting,Schoolschieten,"Nationale tragedie heeft toegeslagen. Een eenzame wolf schutter betrad het schoolterrein en vermoordde tientallen studenten en personeel. Zonder aansluiting bij een bekende radicale groep is het bijna onmogelijk voor veiligheidsdiensten om schietpartijen als deze te voorkomen en te voorkomen. Toegang tot vuurwapens en een gebrek aan geestelijke gezondheidszorg is opnieuw een dodelijke combinatie gebleken."
#,scientificbreakthrough,Wetenschappelijke doorbraak,"In ons land is nieuwe batterijwetenschap ontwikkeld die de manier waarop de machines in de wereld worden aangedreven zal veranderen. Met een dubbele capaciteitsdichtheid kunnen bestaande producten opnieuw worden ontworpen rond kleinere cellen en kunnen nieuwe, voorheen onmogelijke, op batterijen werkende producten worden gecreëerd. Het vermogen om binnenlandse wetenschappers hoog op te leiden en buitenlands talent aan te trekken, heeft zijn vruchten afgeworpen."
#,sexualassault,Seksueel geweld,"Er is landelijke verontwaardiging omdat seksueel geweld door een vrouw in het openbaar vervoer breed wordt gerapporteerd. Gewelddadige misdaad tegen vrouwen is weerzinwekkend. Dat verkrachting in het openbaar zou kunnen worden gepleegd zonder dat iemand tussenbeide komt, is een vernietigende aanklacht tegen onze samenleving. De kiezers eisen dat wetteloosheid en gender ongelijkheid worden aangepakt door de overheid."
#,shareipocancelled,Deel IPO geannuleerd,"Een spraakmakend bedrijf heeft zijn beursdebuut geannuleerd en ervoor gekozen om zijn beursgang uit te stellen. Dit is een ander zorgwekkend voorbeeld van een bredere trend van bedrijven waarvan de openbare aandelennoteringen in de problemen zijn gekomen. Investeerders, die voorheen wanhopig waren om kapitaal in groei te steken aandelen, zetten nu vraagtekens bij de waarderingen van bedrijven die nog geen winst hebben gemaakt. Bezorgdheid over de wereldwijde economische groei schaadt de vooruitzichten dat deze bedrijven ooit winstgevend zullen zijn."
#,shareiposuccess,IPO-succes delen,"Het nieuwste succesverhaal van het opstarten van technologie van ons land heeft zichzelf openbaar op de nationale beurs genoteerd. Beleggers waren hongerig om een ​​deel van het nieuwste bedrijf te kopen om traditionele markten te verstoren, aangezien de aandelen op de eerste handelsdag stegen. Dit is een geweldige indicatie van de niveau van technologische expertise in ons personeelsbestand en een gezonde omgeving voor de handel."
#,socialmedia,Sociale media?,"Er is een onderzoek gaande naar een data-analysebedrijf, dat op bedrieglijke wijze miljoenen persoonlijke gegevens van burgers heeft verzameld via sociale-mediaplatforms. Gebruikers dachten dat ze een leuke quiz deden, maar werden tijdens de laatste verkiezingen geprofileerd en beïnvloed door gerichte advertenties. "
#,socialstupidity,sociale domheid,"Het eten van zakjes wasmiddel... Het kan kinderen worden vergeven dat ze de zoet-achtige zeepdozen consumeren, maar deze gevaarlijke activiteit is viraal gegaan onder tieners, aangezien gebruikers van sociale media elkaar uitdagen om op het gif te kauwen. Dat onze jeugd zou kunnen handelen zo onverantwoord is een nationale schande, met oproepen om onze middelen te heroriënteren op onderwijs."
#,spousescandal, Echtgenoot schandaal,"Er is gemeld dat uw echtgenoot een privéjet heeft genomen om in het buitenland te gaan winkelen. Als leider van de regering zal dit spraakmakende machtsmisbruik niet goed worden ontvangen door het electoraat."
#,statevisitcancelled,Staatsbezoek geannuleerd,"Een buitenlands staatshoofd heeft hun officiële bezoek aan ons land geannuleerd. Ze geven de regionale instabiliteit en veiligheidszorgen de schuld van hun annulering. Deze stomp maakt je een zwakke indruk, waardoor het vermogen van onze regering om de orde te handhaven in twijfel wordt getrokken."
#,stickingupfortheenvironment,Opkomen voor het milieu,"Een milieudemonstrant heeft de beveiliging van de luchthaven geschonden en zich aan een vliegtuig geplakt. De vlucht kon niet opstijgen en er is wijdverbreide verstoring op de luchthaven van de hoofdstad."
#,stormdestroysrailway,Storm vernietigt spoorweg,"Een belangrijk stuk spoor is verwoest door een hevige storm. De bescherming van het milieu was onvoldoende om onze kerninfrastructuur te beschermen, wat wijst op beschamende onderinvesteringen door onze regering en een gebrek aan toezicht."
#,terrorattack,Terreuraanval,"De hoofdstad van ons land is veranderd in een oorlogsgebied, met een reeks gecoördineerde terroristische aanslagen. Zelfmoordterroristen dreven onschuldige mensen in het geweervuur ​​​​van schutters, wachtend tot ze zouden vluchten voor de explosies. Honderden onschuldige burgers zijn omgekomen, en u had geen andere keuze dan in het hele land de noodtoestand af te kondigen om het terrorisme te bestrijden. De burgerlijke vrijheden zijn opgeschort, totdat de veiligheid van het electoraat is verzekerd."
#,terroristleaderkilled,Terroristische leider vermoord,"De leider van een terroristische cel is gedood in een drone-aanval die door ons leger werd georkestreerd. Ze zochten hun toevlucht in een sympathieke natie, medeplichtig aan het toelaten van hun radicale factie om terreuraanslagen tegen onze burgers te plannen en uit te voeren. Hoewel dit een geweldige dag is voor de voortdurende veiligheid en vrijheid van ons land, zijn er mensen die onze methoden als imperialistisch beschouwen."
#,tinderbox,Tinderdoos,"Hoge wind heeft vorig jaar hoogspanningslijnen doen neerstorten, wat de oorzaak was van de ergste bosbranden ooit geregistreerd. Met de voorspelde stormen hebben energiecentrales stroomonderbrekingen gepland om een ​​nieuwe inferno te voorkomen."
#,touristkilledinanimalattack,Toerist gedood bij aanval door dieren,"Een toerist is gedood nadat hij is aangevallen door een wild dier. Met de grote aantallen toeristen die zich in de nabijheid van dieren in het wild in ons land bevinden, is het onmogelijk om elke aanval te voorkomen. Een nieuwsbericht als dit kan de toeristenindustrie echter alleen maar schaden ."
#,touristmurdered,toerist vermoord,"Er is een toerist vermoord tijdens een overval. Dit verhaal is breed uitgemeten in de internationale pers en heeft de sociale problemen van ons land in de schijnwerpers gezet. Onze lucratieve toeristenindustrie is het laatste economische slachtoffer van onze hoge misdaadcijfers."
#,tradedispute,Handelsgeschil,"Er is een grote handelsoorlog uitgebroken tussen twee van 's werelds grootste economieën, en helaas zullen we onvermijdelijk in het kruisvuur terechtkomen. Deze oorlog van tarieven is voornamelijk voor binnenlandse politieke doeleinden, maar het zal nog steeds onze export beïnvloeden en de prijzen van onze voedselimport."
#,undermined,ondermijnd,"Een van onze belangrijkste winningsindustrieën wordt ondermijnd door een buitenlandse concurrent, waardoor de grondstofprijs daalt. De kapitaalreserves van de grote concurrent kunnen het verlies dat ze moeten maken opvangen door de productie te subsidiëren."
#,unitednationssecretary_general, Secretaris-Generaal van de Verenigde Naties,"Een van onze prominente diplomaten is benoemd tot secretaris-generaal van de Verenigde Naties. Zij zullen de woordvoerder en leider worden van deze machtige, wereldwijde organisatie, en optreden als een wereldmoderator."
#,women_smarch,Vrouwenmars,"Vrouwen hebben de hoofdstad overspoeld om te protesteren tegen genderongelijkheid. Vrouwen zijn ondervertegenwoordigd, ondergewaardeerd en onderbetaald in ons land. Met de helft van het electoraat is dit een gevaarlijke demografie die tot politieke actie heeft geleid."
#,worldheritagesite,Werelderfgoed,"Een internationale instantie heeft een mijlpaal in de werelderfgoedstatus van ons land toegekend. Deze prijs is gereserveerd voor locaties die een aanzienlijke culturele, historische en wetenschappelijke waarde hebben voor de belangen van de mensheid. Onze speciale locatie zal nu wettelijk worden beschermd door internationale verdragen, en wij verwachten een grote boost in het toerisme, aangezien de wereld ons wonder bezoekt."
#,xenophobicattacks,Xenofobe aanvallen,"Oproerkraaiers hebben buitenlandse winkeleigenaren aangevallen terwijl ze protesteerden tegen arbeidsmigranten die banen aannamen. Buitenlanders zochten beschutting tegen de demonstranten in gebedshuizen en politiebureaus. De vreemdelingenhaat tegen migranten zal voortduren, aangezien de werkloosheidscijfers wijdverbreide woede veroorzaken."
#,youngbutnotsodumb,Jong maar niet zo dom,"Studenten hebben zich verzameld om te protesteren tegen een waargenomen lokaas en omschakeling door uw regering. U voerde campagne op een platform van gelijkheid en sociale rechtvaardigheid voor alle leeftijden, maar slaagde er niet in de jeugd te sussen."
#,CreditRatingDowngraded,Kredietwaarde verlaagd!,"De grote internationale kredietinstellingen hebben de status van uw overheidsschuld verlaagd. Dit zal waarschijnlijk een domino-effect hebben op het BBP omdat buitenlandse bedrijven terughoudend worden om in onze economie te investeren, en het zal ook resulteren in de rente die we betalen over onze schuld stijgt. er is een goede kans dat dit ook onze kapitalistische kiezers van streek zal maken. U moet actie ondernemen om de geloofwaardigheid bij de ratingbureaus te herwinnen door het niveau van de schuld zo snel mogelijk te verlagen. Uw huidige kredietwaardigheid is nu '<CREDITRATING>' "
#,CreditRatingUpgraded,Kredietbeoordeling verbeterd!,"De grote internationale kredietagentschappen hebben de kredietwaardigheid van uw regering verhoogd. Dit is geweldig nieuws! Het zou moeten leiden tot lagere rentetarieven voor onze schuld, en het kan ook leiden tot een boost voor het bbp door een hoger vertrouwensniveau van buitenlandse investeerders. Dit nieuws zal waarschijnlijk ook de kapitalistische kiezers bevallen. Uw huidige kredietwaardigheid is nu '<CREDITRATING>'"
#,FailedCapitalistAssassination,Mislukte moordpoging!,"Geheim agenten hebben je vandaag gered van een goed georganiseerde poging om je te vermoorden. Een eenzame sluipschutter, met een high-tech geweer werd gearresteerd op slechts 60 meter van waar je van plan was enkele leraren te ontmoeten tijdens een schoolopeningsceremonie. De moordenaar heeft bevestigd De inlichtingendienst vermoedt dat hij is ingehuurd door een uiterst geheime groep hyperrijke industriëlen die bekend staat als 'The Battenburg Group'. Het lijkt erop dat er een aantal extremistische kapitalisten zijn die u dood willen en uw regering uit zijn ambt willen zetten. Wees voorzichtig."
#,FailedConservativeAssassination,Mislukte moordpoging!,"Het lijkt erop dat de extremistische vleugel van de conservatieve 'Traditional Values ​​Alliance' het op zich heeft genomen om u als hoofd van de regering te elimineren. Blijkbaar staat deze splintergroep bekend als 'The Moral Crusade' en de mislukte moordaanslag van vandaag zal niet hun laatste. Je moet echt de kooien van conservatieven rammelen om ze ertoe aan te zetten dit soort acties te ondernemen."
#,FailedEthnicAssassination,Mislukte moordpoging!,"Je werd vanmorgen in paniek gewekt door het nieuws dat gewapende extremisten een aanslag op je leven hadden gepleegd. De groep beschuldigde de regering van racisme en zei dat ze de woede van de etnische minderheden van dit land vertegenwoordigden. We moeten op onze hoede zijn voor toekomstige dergelijke aanvallen."
#,FailedFarmersAssassination,Mislukte moordpoging!,"Vandaag om 10.21 uur arresteerden onze veiligheidsmensen een man die met een geladen jachtgeweer een persbriefing probeerde binnen te komen. Blijkbaar was hij van 'The Farmers Alliance', een extremistische groepering die is opgericht om het landbouwbeleid van de overheid te bestrijden. We hebben deze organisatie enige tijd in de gaten gehouden en het is duidelijk dat zolang het overheidsbeleid niet verandert, we meer van dit soort aanvallen zullen moeten verwachten. Deze keer hebben we geluk gehad."
#,FailedGreenAssassination,Moordpoging!,"Er is een mislukte aanslag op je leven gepleegd door een Groene Terroristische groep die bekend staat als 'The Green Brigade'. Je had geluk dat dappere leden van je inlichtingendiensten ze op tijd konden onderscheppen. In de toekomst zullen we misschien niet zoveel geluk hebben, dus misschien wil je de veiligheidsmaatregelen herzien. Dit is een kleine marginale groep eco-terroristen, maar hoe meer we de bredere milieubeweging boos maken, hoe meer aanvallen zoals deze we zullen moeten verwachten."
#,FailedLiberalAssassination,Mislukte moordpoging!,"Excuses voor het haasten uit het gebouw, maar die explosie was een moordaanslag op u, uitgevoerd door een extremistische liberale splintergroepering die bekend staat als 'The Freedom League'. Ze zijn blijkbaar boos genoeg over de behandeling door uw regering van liberale kwesties om te proberen je aan stukken te blazen. Gelukkig zijn onze veiligheidsdiensten erin geslaagd de bom te ontdekken voordat hij afging. Misschien hebben we de volgende keer niet zoveel geluk."
#,FailedPatrioticAssassination,Mislukte moordpoging!,"Die schoten die je vanmorgen tijdens de bijeenkomst hoorde, waren geen oefening, maar een echte live-poging om je te vermoorden door een groep zwaarbewapende terroristen die zichzelf 'The True Way' noemde. Blijkbaar hebben ze een soort ultrapatriottische paramilitaire organisatie zijn de laatste tijd steeds agressiever geworden in hun kritiek op de regering. Vandaag zijn we erin geslaagd ze te pakken voordat ze dichterbij kwamen. Misschien hebben we de volgende keer niet zoveel geluk."
#,FailedReligiousAssassination,Mislukte moordpoging!,"De geheime dienst verdiende vandaag hun loon, toen ze een autolading arresteerden van wat lijkt op religieuze fanatici die een aanval op jou en het kabinet plannen. Een busje, gevuld met explosieven en handvuurwapens, werd tegengehouden door onze waakzame politie, nadat inlichtingen waren onderschept door ons veiligheidspersoneel. Het lijkt erop dat er een aantal religieuze extremisten zijn die vastbesloten zijn om de huidige regering te verwijderen. Deze groep noemde zichzelf 'The Army of God'."
#,FailedSocialistAssassination,Mislukte moordpoging!,"Eerder vandaag heeft ons uitstekende personeel van de geheime dienst vijf gewapende mannen gearresteerd die samenkwamen op het hoofdkwartier van de regering, blijkbaar met een plan om u te vermoorden. We ondervragen momenteel de mannen, maar tot nu toe weten we alleen dat ze deel uitmaken van een extreem linkse beweging genaamd 'Het Socialistische Leger'. Als onze dappere jongens van de veiligheidsdiensten er niet waren, zou u nu in het mortuarium zijn, meneer..."
#,GainNewDonor,Nieuwe grote partijdonor!,"Jullie inspanningen om geld in te zamelen zijn erin geslaagd een nieuwe vermogende persoon aan te trekken om te doneren aan uw toekomstige campagnefonds. Zorg ervoor dat u deze donor tevreden houdt en let op de groepen waarmee zij sympathiseren. Als donateurs ongelukkig worden, bestaat de kans dat u hun geld kwijtraakt. onmisbare financiële steun."
#,LoseDonor,Grote Donor verlaat feest!,"Het lijkt erop dat u de mening van onze belangrijkste financiers niet in de gaten hebt gehouden. Een van onze rijke donoren heeft zojuist zijn steun aan onze partij stopgezet. Dit kan van invloed zijn op ons vermogen om effectief campagne te voeren, tenzij we een vervangende donor (en houden...)""
#,_MinisterialResignation,Ministerieel ontslag,"Een van uw ministers heeft er genoeg van om in uw regering te dienen en is afgetreden om 'meer tijd met zijn gezin door te brengen'. U zult zo snel mogelijk iemand moeten vinden die geschikt is om hem te vervangen."
#,socialmediascandal,Schandaal van sociale media,"Een onderzoek heeft een schokkend misbruik van privacy door toonaangevende technologiebedrijven achter populaire sociale-mediasites aan het licht gebracht. Een gebrek aan fatsoenlijke privacybescherming en wetshandhaving heeft ertoe geleid dat technologiebedrijven vrijelijk grote hoeveelheden privé-informatie hebben verzameld die vervolgens is doorverkocht aan de hoogste bieder. Dit is een perfect voorbeeld van een van de gevaren van onze altijd verbonden levensstijl. Natuurlijk zijn privacy-activisten verontwaardigd dat u dit laat gebeuren."
#,tsunami,Tsunami!,"Een verwoestende tsunami heeft onze kustlijn getroffen. Hoewel we ons voorbereiden op dergelijke gebeurtenissen, is het onmogelijk om al het verlies aan mensenlevens en alle schade te voorkomen. De vernietiging van onze kustplaatsen en de visserijsector is ernstig en zal een grote klap zijn voor onze economie."
#,earthquake,Aardbeving!,"Ons land heeft een aardbeving getroffen. Hoewel het verlies aan mensenlevens gelukkig vrij laag is, zal dit een merkbare impact hebben op onze economie, aangezien bedrijven tijd nodig hebben om de schade weer op te bouwen en te herstellen."
#,falklands,Argentinië plant vlag,"Een langlopend geschil over eigendom van de Falklandeilanden is opnieuw aangewakkerd door Argentinië, die de eilanden claimen als 'lslas Malvinas'. Argentijnse soldaten landden en plantten een vlag, en na een korte toespraak voor de tv, trokken ze zich terug, maar dit is een zorgwekkend teken dat de Argentijnse regering denkt dat we de eilanden misschien niet een tweede keer kunnen verdedigen als ze een nieuwe invasie proberen."
#,russianships,Russische schepen naderen,"In een steeds flagrante poging om ons te intimideren en onze verdediging op de proef te stellen, zijn Russische marineschepen en vliegtuigen zeer dicht bij onze grenzen gekomen, waardoor we onze verdediging moeten doorbreken. Dit toont aan dat onze militaire capaciteiten op dit moment niet als een afschrikmiddel worden beschouwd."
#,heatwave,Hittegolf,"Naarmate de wereldwijde temperaturen zijn gestegen, is ons weer extremer geworden en bevinden we ons momenteel midden in een gevaarlijke periode van warm weer, wat leidt tot bosbranden en meerdere doden. Ons land is gewoon niet gewend om met dit extreme weer om te gaan, en wij beginnen de economische gevolgen te voelen."
#,blacklivesmatter,Black lives matter,"Na een spraakmakende politie-arrestatie waarbij een persoon van kleur werd vermoord, heeft een golf van woede over raciale ongelijkheid ons land overspoeld."

#,BorderConflict,Een grensconflict!,"Een gedurfde natie is net een grensconflict begonnen! onze troepen zijn betrokken en er zijn meer versterkingen onderweg."
#,GovermentScandal,Overheidsschandaal!,"Een van uw zeer vertrouwde ambtenaren heeft geld gestolen dat bedoeld was om de overheidsuitgaven te betalen. Kort nadat dit werd ontdekt, slaagde de ambtenaar erin het land te verlaten."
#,ArtifactsDiscovered,We hebben artefacten ontdekt!,"Een van onze teams was in staat om artefacten te ontdekken die lang verloren waren gegaan voor onze beschaving!."
#,AirAccident,Luchtongeval!,"Een van onze militaire vrachtvliegtuigen die apparatuur en voertuigen vervoert, is om onbekende redenen neergestort. We zijn een onderzoek naar de zaak begonnen. We zouden een rapport naar onze hoogste militaire persoon moeten sturen zodra het onderzoek is afgerond..."
#,AShootingStar,Een vallende ster!,"We hadden net een vallende ster die de lucht verlichtte!"
#,SchoolShootingPrevented,We hebben een schietpartij op school voorkomen!,"Gelukkig kon een van onze schoolmedewerkers een schietpartij op een school stoppen, veel mensen zijn blij dat we het hebben gestopt en we worden geprezen, maar sommige ouders en andere activisten denken dat we hadden kunnen voorkomen dat het in de eerste plaats."
#,SchoolShooting,Een schietpartij op school!,"Vandaag schoot een tiener van een plaatselijke school met zijn vaders 9 mm-pistool en een 5.56 geweerschot en doodde 12 andere tieners en 2 leraren, en verwondde 22 anderen vanmorgen. De politie reageerde op de schietpartij en schoot en doodde de tiener, onze natie is enorm beschadigd door deze tragische gebeurtenis."
#,LocalHero,Een geboren held,"Een brand in een plaatselijke reparatiewerkplaats en een klein huis zorgde ervoor dat een brandweerman buiten dienst in actie kwam en 11 mensen in beide gebouwen redde. Gelukkig raakte niemand ernstig gewond, maar helaas zijn de gebouwen verloren gegaan. Maar de brandweerman is een held die levens heeft gered dat had verloren kunnen gaan, en beschermde gebouwen tegen hetzelfde lot van de vorige gebouwen."
#,GovermentTraitorArrested,Overheidsverrader gearresteerd!,"Een van uw zeer vertrouwde ambtenaren heeft geld gestolen dat bedoeld was om de overheidsuitgaven te betalen. Kort nadat dit werd ontdekt, slaagde de ambtenaar er bijna in het land te verlaten. Maar onze geheime dienst kon hem samen met onze politie arresteren. voordat hij vluchtte!"
#,HugeFire,Een enorme brand!,"Een tragisch ongeval veroorzaakte een enorme brand in een reparatiewerkplaats! Helaas konden geen eerstehulpverleners vroeg genoeg arriveren om te voorkomen dat het vuur zich snel verspreidde."
#,ArtifactsStolen,Sommige waren artefacten gestolen!,"Afgelopen nacht kwamen zes overvallers ons nationale museum binnen en stalen vele kostbare artefacten. De politie heeft de overvallers kunnen identificeren. Als u informatie heeft, meld u dan bij de politie voor een beloning van $ 100.000 voor alle informatie die leidt tot het terughalen van de artefacten. DDC-reporter"
#,CrimeSpree,City Crime Spree!,"Een man en een vrouw begonnen een misdaadreeks in de hoofdstad, de politie vult de straten op zoek naar de verdachten, er is een beveiligingsteam aan je toegewezen om je te beschermen in deze moeilijke tijd."
#,ZooBreak,Dieren ontsnappen aan dierentuin!,"Dieren vullen de straten, blokkeren het verkeer, doen aangiftes en rapporten stromen binnen van dieren die eigendommen beschadigen en zelfs van aanvallen."
#,Flood,Cites zijn overstroomd!,"Veel citaten hebben overstromingen hebben plaatsgevonden na hevige regen."

#,globalsummit1,Wereldleider Top,"Een onlangs gehouden topontmoeting met verschillende van de machtigste leiders ter wereld is beter verlopen dan we hadden verwacht. Er is gemeenschappelijk grond gevonden, deals zijn gesloten en klachten zijn opgelost. De wereld is een beetje veiliger, gedeeltelijk dankzij jouw inbreng."